525,NYSE,A
132,NYSE,AA
634,NASDAQ,AAON
738,NYSE,AAP
314,NASDAQ,AAPL
441,NYSE,AAT
134,AMEX,AAU
422,NYSE,AB
516,NASDAQ,ABAX
621,NYSE,ABB
510,NYSE,ABBV
756,NYSE,ABC
412,NASDAQ,ABCB
760,NASDAQ,ABCO
774,NASDAQ,ABFS
744,NYSE,ABG
515,NASDAQ,ABIO
760,NYSE,ABM
521,NASDAQ,ABMD
521,NYSE,ABT
851,NASDAQ,ABTL
134,NYSE,ABX
515,NASDAQ,ACAD
422,NASDAQ,ACAS
332,NASDAQ,ACAT
821,NASDAQ,ACCL
432,NYSE,ACE
110,NASDAQ,ACET
767,NASDAQ,ACFN
425,NYSE,ACG
432,NASDAQ,ACGL
132,NYSE,ACH
133,NYSE,ACI
834,NASDAQ,ACLS
767,NYSE,ACM
824,NYSE,ACN
133,NYSE,ACO
515,NASDAQ,ACOR
622,NASDAQ,ACPW
512,NYSE,ACT
768,NASDAQ,ACTG
832,NASDAQ,ACTS
821,NYSE,ACTV
312,AMEX,ACU
513,NASDAQ,ACUR
824,NASDAQ,ACXM
761,AMEX,ACY
825,NASDAQ,ADAT
821,NASDAQ,ADBE
448,NYSE,ADC
835,NASDAQ,ADI
341,NYSE,ADM
826,NASDAQ,ADP
760,NYSE,ADS
822,NASDAQ,ADSK
765,NYSE,ADT
841,NASDAQ,ADTN
821,NASDAQ,ADVS
426,NYSE,ADX
122,AMEX,AE
445,NYSE,AEC
913,NYSE,AEE
635,NASDAQ,AEGN
834,NASDAQ,AEHR
836,NASDAQ,AEIS
430,NYSE,AEL
134,NYSE,AEM
730,NYSE,AEO
911,NYSE,AEP
322,NASDAQ,AEPI
761,NYSE,AER
911,NYSE,AES
522,NYSE,AET
419,NYSE,AF
526,NASDAQ,AFAM
425,NYSE,AFB
712,NASDAQ,AFCE
837,NASDAQ,AFFX
432,NYSE,AFG
431,NYSE,AFL
832,NASDAQ,AFOP
432,NASDAQ,AFSI
135,NYSE,AG
620,NYSE,AGCO
515,NASDAQ,AGEN
134,NYSE,AGI
424,NYSE,AGM
511,NYSE,AGN
445,NASDAQ,AGNC
433,NYSE,AGO
341,NYSE,AGRO
112,NYSE,AGU
821,NASDAQ,AGYS
769,NYSE,AH
727,NYSE,AHC
432,NYSE,AHL
521,NASDAQ,AHPI
764,NYSE,AHS
443,NYSE,AHT
432,NYSE,AIG
628,NYSE,AIN
423,NASDAQ,AINV
770,NYSE,AIR
528,NASDAQ,AIRM
773,NASDAQ,AIRT
752,NYSE,AIT
445,NYSE,AIV
431,NYSE,AIZ
434,NYSE,AJG
851,NASDAQ,AKAM
448,NYSE,AKR
512,NASDAQ,AKRX
130,NYSE,AKS
761,NYSE,AL
113,NYSE,ALB
341,NASDAQ,ALCO
913,NYSE,ALE
449,NYSE,ALEX
620,NYSE,ALG
521,NASDAQ,ALGN
771,NASDAQ,ALGT
122,NYSE,ALJ
771,NYSE,ALK
513,NASDAQ,ALKS
432,NYSE,ALL
411,NASDAQ,ALLB
841,NASDAQ,ALLT
342,AMEX,ALN
515,NASDAQ,ALNY
837,NASDAQ,ALOG
815,NASDAQ,ALOT
525,NYSE,ALR
844,NASDAQ,ALSK
836,NASDAQ,ALTI
832,NASDAQ,ALTR
841,NYSE,ALU
333,NYSE,ALV
840,NASDAQ,ALVR
446,NYSE,ALX
511,NASDAQ,ALXA
515,NASDAQ,ALXN
834,NASDAQ,AMAT
515,NASDAQ,AMBI
841,NASDAQ,AMBT
833,NASDAQ,AMCC
721,NASDAQ,AMCN
830,NYSE,AMD
836,NYSE,AME
526,NASDAQ,AMED
422,NYSE,AMG
515,NASDAQ,AMGN
833,NASDAQ,AMKR
412,NASDAQ,AMNB
627,NASDAQ,AMOT
422,NYSE,AMP
416,NASDAQ,AMRB
627,NYSE,AMRC
515,NASDAQ,AMRI
511,NASDAQ,AMRN
113,NASDAQ,AMRS
836,NASDAQ,AMSC
524,NASDAQ,AMSG
821,NASDAQ,AMSWA
440,NYSE,AMT
420,NYSE,AMTD
445,NYSE,AMTG
311,NASDAQ,AMWD
840,NYSE,AMX
739,NASDAQ,AMZN
744,NYSE,AN
833,NASDAQ,ANAD
432,NASDAQ,ANAT
528,NASDAQ,ANCI
412,NASDAQ,ANCX
341,NASDAQ,ANDE
840,NASDAQ,ANEN
730,NYSE,ANF
520,NASDAQ,ANGO
440,NYSE,ANH
515,NASDAQ,ANIK
824,NASDAQ,ANLY
730,NYSE,ANN
133,NYSE,ANR
822,NASDAQ,ANSS
510,NASDAQ,ANTH
134,AMEX,ANV
120,NYSE,ANW
851,NYSE,AOL
434,NYSE,AON
627,NYSE,AOS
622,NYSE,AP
121,NYSE,APA
121,NASDAQ,APAGF
121,NYSE,APC
110,NYSE,APD
113,NASDAQ,APFC
836,NYSE,APH
833,AMEX,API
125,NYSE,APL
634,NASDAQ,APOG
766,NASDAQ,APOL
320,AMEX,APP
516,NASDAQ,APPY
511,NASDAQ,APRI
448,NASDAQ,APSA
521,AMEX,APT
912,NYSE,APU
448,AMEX,AQQ
521,NASDAQ,ARAY
721,NYSE,ARB
310,NASDAQ,ARCI
734,NASDAQ,ARDNA
441,NYSE,ARE
110,NYSE,ARG
440,NYSE,ARI
515,NASDAQ,ARIA
712,NASDAQ,ARKR
448,NYSE,ARL
133,NASDAQ,ARLP
515,NASDAQ,ARNA
411,NASDAQ,AROW
121,NYSE,ARP
515,NASDAQ,ARQL
841,NASDAQ,ARRS
515,NASDAQ,ARRY
521,NASDAQ,ARTC
914,NASDAQ,ARTNA
620,NASDAQ,ARTW
627,NASDAQ,ARTX
814,NASDAQ,ARUN
753,NYSE,ARW
515,NASDAQ,ARWR
422,NYSE,ASA
414,NASDAQ,ASBC
419,NASDAQ,ASBI
765,NASDAQ,ASEI
760,NASDAQ,ASFI
764,NYSE,ASGN
110,NYSE,ASH
432,NYSE,ASI
823,NASDAQ,ASIA
133,AMEX,ASM
772,NYSE,ASR
411,NASDAQ,ASRV
611,NASDAQ,ASTC
620,NASDAQ,ASTE
832,NASDAQ,ASTI
515,NASDAQ,ASTM
510,NASDAQ,ASTX
826,NASDAQ,ASUR
834,NYSE,ASX
834,NASDAQ,ASYS
911,NYSE,AT
834,NYSE,ATE
821,NASDAQ,ATEA
626,NYSE,ATI
611,NYSE,ATK
133,AMEX,ATL
912,NYSE,ATLS
834,NASDAQ,ATMI
830,NASDAQ,ATML
912,NYSE,ATO
325,NYSE,ATR
520,NASDAQ,ATRI
834,NASDAQ,ATRM
611,NASDAQ,ATRO
520,NASDAQ,ATRS
822,NASDAQ,ATTU
622,NYSE,ATU
820,NASDAQ,ATVI
123,NYSE,ATW
134,NYSE,AU
413,NASDAQ,AUBN
841,NASDAQ,AUDC
133,AMEX,AUMN
830,NYSE,AUO
134,NYSE,AUQ
134,NYSE,AUY
430,NYSE,AV
913,NYSE,AVA
611,NASDAQ,AVAV
445,NYSE,AVB
112,NYSE,AVD
515,NASDAQ,AVEO
830,NASDAQ,AVGO
630,NASDAQ,AVHI
820,NASDAQ,AVID
133,AMEX,AVL
512,NASDAQ,AVNR
323,NYSE,AVP
753,NYSE,AVT
836,NYSE,AVX
313,NYSE,AVY
132,NYSE,AWC
425,NYSE,AWF
914,NYSE,AWK
914,NYSE,AWR
841,NASDAQ,AWRE
753,NYSE,AXE
333,NYSE,AXL
111,NYSE,AXLL
424,NYSE,AXP
448,NYSE,AXR
432,NYSE,AXS
833,NASDAQ,AXTI
133,AMEX,AXU
836,NYSE,AYI
131,AMEX,AZC
510,NYSE,AZN
738,NYSE,AZO
826,NASDAQ,AZPN
626,NYSE,AZZ
621,NYSE,B
611,NYSE,BA
134,AMEX,BAA
521,NASDAQ,BABY
410,NYSE,BAC
110,NYSE,BAK
775,NYSE,BALT
449,NYSE,BAM
745,NASDAQ,BAMM
416,NASDAQ,BANC
415,NASDAQ,BANF
419,NASDAQ,BANR
410,NYSE,BAP
124,NYSE,BAS
768,NASDAQ,BASI
520,NYSE,BAX
737,NASDAQ,BBBY
418,NYSE,BBD
123,NASDAQ,BBEP
425,NYSE,BBF
123,NYSE,BBG
724,NASDAQ,BBGI
425,NYSE,BBK
133,NYSE,BBL
416,NASDAQ,BBNK
814,NASDAQ,BBOX
764,NASDAQ,BBSI
412,NYSE,BBT
418,NYSE,BBVA
741,NYSE,BBW
419,NYSE,BBX
735,NYSE,BBY
317,NYSE,BC
632,NYSE,BCC
844,NYSE,BCE
418,NYSE,BCH
765,NYSE,BCO
851,NASDAQ,BCOR
110,NASDAQ,BCPC
520,NYSE,BCR
515,NASDAQ,BCRX
417,NYSE,BCS
419,NASDAQ,BCSB
425,AMEX,BCV
342,NASDAQ,BDBD
316,NASDAQ,BDE
713,AMEX,BDL
760,NASDAQ,BDMS
440,NYSE,BDN
841,AMEX,BDR
515,NASDAQ,BDSI
520,NYSE,BDX
347,NYSE,BEAM
528,NASDAQ,BEAT
611,NASDAQ,BEAV
730,NASDAQ,BEBE
752,NASDAQ,BECN
443,NYSE,BEE
836,NASDAQ,BELFB
422,NYSE,BEN
411,NASDAQ,BERK
425,NYSE,BFK
425,NYSE,BFO
418,NYSE,BFR
446,NYSE,BFS
425,NYSE,BFZ
341,NYSE,BG
627,NYSE,BGC
420,NASDAQ,BGCP
740,NASDAQ,BGFV
622,NYSE,BGG
525,NASDAQ,BGMD
426,NYSE,BGR
342,NYSE,BGS
427,NYSE,BGY
712,NYSE,BH
411,AMEX,BHB
425,NYSE,BHD
835,NYSE,BHE
124,NYSE,BHI
425,NYSE,BHK
133,NYSE,BHP
422,AMEX,BHV
425,NYSE,BHY
851,NASDAQ,BIDU
425,NYSE,BIE
515,NASDAQ,BIIB
113,NASDAQ,BIOF
520,NASDAQ,BIOL
510,NASDAQ,BIOS
911,NYSE,BIP
821,NASDAQ,BIRT
851,NYSE,BITA
712,NASDAQ,BJRI
425,NYSE,BJZ
422,NYSE,BK
730,NYSE,BKE
911,NYSE,BKH
324,NYSE,BKI
425,NYSE,BKK
419,NASDAQ,BKMU
425,NYSE,BKN
767,AMEX,BKR
745,NYSE,BKS
412,NASDAQ,BKSC
425,NYSE,BKT
712,NYSE,BKW
723,NYSE,BLC
627,NASDAQ,BLDP
736,NASDAQ,BLDR
422,AMEX,BLE
425,NYSE,BLH
821,NASDAQ,BLIN
422,AMEX,BLJ
422,NYSE,BLK
826,NASDAQ,BLKB
325,NYSE,BLL
410,NASDAQ,BLMT
624,NYSE,BLT
425,NYSE,BLW
417,NYSE,BLX
418,NYSE,BMA
742,AMEX,BMJ
410,NYSE,BMO
416,NASDAQ,BMRC
515,NASDAQ,BMRN
325,NYSE,BMS
411,NASDAQ,BMTC
510,NYSE,BMY
425,NYSE,BNA
412,NASDAQ,BNCN
425,NYSE,BNJ
410,NYSE,BNS
425,NYSE,BNY
712,NASDAQ,BOBE
427,NYSE,BOE
416,NYSE,BOH
415,NASDAQ,BOKF
124,NASDAQ,BOLT
731,NASDAQ,BONT
626,NASDAQ,BOOM
824,NASDAQ,BOSC
120,NYSE,BP
411,NASDAQ,BPFH
826,NASDAQ,BPHX
766,NYSE,BPI
425,NYSE,BPK
125,NYSE,BPL
448,NYSE,BPO
418,NASDAQ,BPOP
422,AMEX,BPS
122,NYSE,BPT
425,NYSE,BQH
827,NYSE,BR
823,NYSE,BRC
813,NASDAQ,BRCD
833,NASDAQ,BRCM
134,AMEX,BRD
445,NYSE,BRE
343,NYSE,BRFS
343,NASDAQ,BRID
419,NASDAQ,BRKL
837,NASDAQ,BRKR
834,NASDAQ,BRKS
525,NASDAQ,BRLI
434,NYSE,BRO
449,NYSE,BRP
772,NYSE,BRS
447,NYSE,BRT
121,NYSE,BRY
425,NYSE,BSD
521,NASDAQ,BSDM
311,NASDAQ,BSET
731,NYSE,BSI
510,NASDAQ,BSPM
821,NASDAQ,BSQR
416,NASDAQ,BSRR
515,NASDAQ,BSTC
521,NYSE,BSX
846,NYSE,BT
121,NYSE,BTE
323,NYSE,BTH
350,AMEX,BTI
133,NYSE,BTU
834,NASDAQ,BTUI
515,AMEX,BTX
346,NYSE,BUD
414,NASDAQ,BUSE
821,NASDAQ,BV
852,NASDAQ,BVSN
520,AMEX,BVX
333,NYSE,BWA
622,NYSE,BWC
432,NASDAQ,BWINB
712,NASDAQ,BWLD
125,NYSE,BWP
745,NYSE,BWS
422,NYSE,BX
123,AMEX,BXE
441,NYSE,BXP
413,NYSE,BXS
711,NYSE,BYD
419,NASDAQ,BYFC
324,NYSE,BZ
630,NYSE,BZH
422,AMEX,BZM
410,NYSE,C
826,NASDAQ,CA
333,NASDAQ,CAAS
740,NYSE,CAB
416,NASDAQ,CACB
424,NASDAQ,CACC
730,NASDAQ,CACH
515,NASDAQ,CADX
611,NYSE,CAE
419,NASDAQ,CAFI
342,NYSE,CAG
756,NYSE,CAH
313,NYSE,CAJ
712,NASDAQ,CAKE
826,NASDAQ,CALD
340,NASDAQ,CALM
124,NYSE,CAM
841,NASDAQ,CAMP
833,NASDAQ,CAMT
761,NYSE,CAP
761,NASDAQ,CAR
760,NASDAQ,CARB
419,NASDAQ,CASH
760,NASDAQ,CASS
734,NASDAQ,CASY
620,NYSE,CAT
760,NASDAQ,CATM
416,NASDAQ,CATY
323,AMEX,CAW
432,NYSE,CB
627,NASDAQ,CBAK
412,NASDAQ,CBAN
844,NYSE,CBB
734,NYSE,CBD
413,NASDAQ,CBF
448,NYSE,CBG
636,NYSE,CBI
414,NASDAQ,CBIN
730,NYSE,CBK
446,NYSE,CBL
515,NASDAQ,CBLI
515,NYSE,CBM
525,NASDAQ,CBMX
411,NASDAQ,CBNJ
824,NYSE,CBR
712,NASDAQ,CBRL
513,NASDAQ,CBRX
723,NYSE,CBS
415,NASDAQ,CBSH
511,NASDAQ,CBST
113,NYSE,CBT
411,NYSE,CBU
760,NYSE,CBZ
412,NASDAQ,CCBG
623,NYSE,CCC
634,NASDAQ,CCCL
348,NYSE,CCE
621,AMEX,CCF
440,NYSE,CCG
348,NYSE,CCH
846,NYSE,CCI
133,NYSE,CCJ
325,NYSE,CCK
711,NYSE,CCL
833,NASDAQ,CCMP
411,NASDAQ,CCNE
764,NASDAQ,CCRN
346,NYSE,CCU
812,NASDAQ,CCUR
135,NYSE,CDE
764,NYSE,CDI
446,NYSE,CDR
515,NASDAQ,CDXS
133,AMEX,CDY
110,NYSE,CE
770,NYSE,CEA
712,NYSE,CEC
623,NASDAQ,CECE
766,NASDAQ,CECO
422,AMEX,CEF
840,NYSE,CEL
515,NASDAQ,CELG
340,NASDAQ,CENT
132,NASDAQ,CENX
123,NYSE,CEO
123,AMEX,CEP
825,NASDAQ,CERN
515,NASDAQ,CERS
422,AMEX,CET
723,NASDAQ,CETV
832,NASDAQ,CEVA
112,NYSE,CF
419,NASDAQ,CFBK
412,NASDAQ,CFFI
419,NASDAQ,CFFN
628,NYSE,CFI
520,NYSE,CFN
416,NASDAQ,CFNB
413,NASDAQ,CFNL
415,NYSE,CFR
112,NYSE,CGA
515,NASDAQ,CGEN
124,NYSE,CGG
774,NYSE,CGI
837,NASDAQ,CGNX
134,AMEX,CGR
760,NYSE,CGX
845,NYSE,CHA
412,NASDAQ,CHCO
326,NYSE,CHD
714,NASDAQ,CHDN
754,NASDAQ,CHDX
526,NYSE,CHE
414,NASDAQ,CHFC
412,NASDAQ,CHFN
710,NYSE,CHH
121,NYSE,CHK
730,NASDAQ,CHKE
823,NASDAQ,CHKP
125,NYSE,CHKR
840,NYSE,CHL
449,NASDAQ,CHLN
113,NYSE,CHMT
133,NASDAQ,CHNR
773,NASDAQ,CHRW
730,NYSE,CHS
844,NYSE,CHT
515,NASDAQ,CHTP
725,NASDAQ,CHTR
840,NYSE,CHU
522,NYSE,CI
430,NYSE,CIA
418,NYSE,CIB
121,NYSE,CIE
841,NASDAQ,CIEN
440,NYSE,CIM
822,NASDAQ,CIMT
432,NASDAQ,CINF
621,NYSE,CIR
824,NYSE,CIS
434,NASDAQ,CISG
424,NYSE,CIT
414,NASDAQ,CITZ
124,NYSE,CJES
733,NASDAQ,CJJD
726,NASDAQ,CKEC
765,NYSE,CKP
852,NASDAQ,CKSW
448,AMEX,CKX
323,NYSE,CL
124,NYSE,CLB
412,NASDAQ,CLBH
623,NYSE,CLC
760,NASDAQ,CLCT
133,NYSE,CLD
515,NASDAQ,CLDX
133,NYSE,CLF
432,NYSE,CLGX
637,NYSE,CLH
441,NYSE,CLI
122,NASDAQ,CLMT
912,NASDAQ,CLNE
626,NASDAQ,CLNT
445,NYSE,CLP
121,NYSE,CLR
841,NASDAQ,CLRO
834,NASDAQ,CLRX
835,NYSE,CLS
515,NASDAQ,CLSN
623,NASDAQ,CLWT
312,NYSE,CLX
410,NYSE,CM
414,NYSE,CMA
130,NYSE,CMC
620,NASDAQ,CMCO
722,NASDAQ,CMCSA
420,NASDAQ,CME
342,AMEX,CMFO
712,NYSE,CMG
622,NYSE,CMI
724,NASDAQ,CMLS
520,NYSE,CMN
440,NYSE,CMO
133,NYSE,CMP
911,NYSE,CMS
419,NASDAQ,CMSB
322,AMEX,CMT
841,NASDAQ,CMTL
425,NYSE,CMU
432,NYSE,CNA
411,NASDAQ,CNBC
411,NASDAQ,CNBKA
522,NYSE,CNC
515,NASDAQ,CNDO
851,NASDAQ,CNET
620,NYSE,CNH
776,NYSE,CNI
821,NASDAQ,CNIT
911,NYSE,CNL
521,NASDAQ,CNMD
431,NYSE,CNO
913,NYSE,CNP
121,NYSE,CNQ
822,NASDAQ,CNQR
773,AMEX,CNR
422,NYSE,CNS
814,NASDAQ,CNTF
711,NASDAQ,CNTY
133,NYSE,CNX
525,NYSE,CO
314,NASDAQ,COBR
415,NASDAQ,COBZ
766,NASDAQ,COCO
764,NYSE,CODI
424,NYSE,COF
121,NYSE,COG
836,NASDAQ,COGO
321,NYSE,COH
837,NASDAQ,COHR
834,NASDAQ,COHU
348,NASDAQ,COKE
611,NYSE,COL
419,NASDAQ,COLB
320,NASDAQ,COLM
735,NASDAQ,CONN
520,NYSE,COO
820,NASDAQ,COOL
734,NASDAQ,CORE
515,NASDAQ,CORT
712,NASDAQ,COSI
732,NASDAQ,COST
348,NYSE,COT
520,NYSE,COV
420,NASDAQ,COWN
776,NYSE,CP
771,NYSE,CPA
342,NYSE,CPB
121,NYSE,CPE
416,NYSE,CPF
714,NASDAQ,CPHC
510,AMEX,CPHI
912,NYSE,CPK
910,NYSE,CPL
775,NASDAQ,CPLP
911,NYSE,CPN
744,NASDAQ,CPRT
512,NASDAQ,CPRX
825,NASDAQ,CPSI
130,NASDAQ,CPSL
424,NASDAQ,CPSS
627,NASDAQ,CPST
445,NYSE,CPT
821,NASDAQ,CPWR
341,NYSE,CQB
120,AMEX,CQP
622,NYSE,CR
769,NASDAQ,CRAI
810,NASDAQ,CRAY
520,NASDAQ,CRDC
814,NASDAQ,CRDS
834,NASDAQ,CREE
637,NASDAQ,CREG
633,NYSE,CRH
320,NYSE,CRI
515,NASDAQ,CRIS
121,NYSE,CRK
515,NYSE,CRL
821,NYSE,CRM
511,NASDAQ,CRME
744,NASDAQ,CRMT
841,NASDAQ,CRNT
321,NASDAQ,CROX
124,NYSE,CRR
412,NASDAQ,CRRB
729,NASDAQ,CRRC
626,NYSE,CRS
123,NYSE,CRT
515,NASDAQ,CRTX
832,NASDAQ,CRUS
750,AMEX,CRV
434,NASDAQ,CRVL
725,NASDAQ,CRWN
320,NASDAQ,CRWS
521,NYSE,CRY
121,NASDAQ,CRZO
417,NYSE,CS
419,NASDAQ,CSBK
824,NYSE,CSC
814,NASDAQ,CSCO
424,NYSE,CSE
413,NASDAQ,CSFL
441,NYSE,CSG
448,NASDAQ,CSGP
826,NASDAQ,CSGS
424,NYSE,CSH
521,NASDAQ,CSII
832,NASDAQ,CSIQ
322,NYSE,CSL
826,NASDAQ,CSPI
745,NYSE,CSS
523,NYSE,CSU
833,NASDAQ,CSUN
762,NYSE,CSV
422,NASDAQ,CSWC
776,NYSE,CSX
760,NASDAQ,CTAS
322,NYSE,CTB
413,NASDAQ,CTBI
449,NYSE,CTC
821,NASDAQ,CTCH
723,NASDAQ,CTCM
742,NASDAQ,CTHR
322,NASDAQ,CTIB
515,NASDAQ,CTIC
844,NYSE,CTL
449,AMEX,CTO
730,NASDAQ,CTRN
710,NASDAQ,CTRP
836,NYSE,CTS
826,NASDAQ,CTSH
914,NASDAQ,CTWS
826,NASDAQ,CTXS
837,NYSE,CUB
716,NYSE,CUK
515,AMEX,CUR
521,NASDAQ,CUTR
440,NYSE,CUZ
637,NYSE,CVA
416,NASDAQ,CVBF
725,NYSE,CVC
631,NASDAQ,CVCO
525,NYSE,CVD
123,NYSE,CVE
760,NYSE,CVG
750,NASDAQ,CVGI
341,NASDAQ,CVGW
122,NYSE,CVI
411,NASDAQ,CVLY
515,AMEX,CVM
760,NYSE,CVO
624,AMEX,CVR
733,NYSE,CVS
774,NASDAQ,CVTI
611,AMEX,CVU
622,NASDAQ,CVV
120,NYSE,CVX
611,NYSE,CW
914,NASDAQ,CWCO
121,NASDAQ,CWEI
637,NASDAQ,CWST
914,NYSE,CWT
321,NASDAQ,CWTR
633,NYSE,CX
425,NYSE,CXH
769,NYSE,CXW
830,NASDAQ,CY
515,NASDAQ,CYAN
837,NASDAQ,CYBE
521,NASDAQ,CYBX
622,NYSE,CYD
524,NYSE,CYH
416,NYSE,CYN
521,NASDAQ,CYNO
113,NYSE,CYT
515,NASDAQ,CYTK
515,NASDAQ,CYTR
515,NASDAQ,CYTX
913,NYSE,CZZ
911,NYSE,D
775,NYSE,DAC
836,NASDAQ,DAIO
314,NASDAQ,DAKT
770,NYSE,DAL
739,NYSE,DANG
515,NASDAQ,DARA
851,NASDAQ,DATE
712,NASDAQ,DAVE
418,NYSE,DB
821,NYSE,DBD
121,NASDAQ,DBLE
623,NYSE,DCI
775,NASDAQ,DCIX
846,NYSE,DCM
611,NYSE,DCO
419,NASDAQ,DCOM
513,NASDAQ,DCTH
110,NYSE,DD
136,NYSE,DDC
815,NYSE,DDD
714,NYSE,DDE
426,NYSE,DDF
446,NYSE,DDR
731,NYSE,DDS
620,NYSE,DE
321,NASDAQ,DECK
734,NYSE,DEG
632,NYSE,DEL
811,NASDAQ,DELL
347,NYSE,DEO
511,NASDAQ,DEPO
344,NYSE,DF
424,NYSE,DFS
448,NYSE,DFT
732,NYSE,DG
912,NASDAQ,DGAS
611,NYSE,DGI
432,NASDAQ,DGICB
814,NASDAQ,DGII
760,NASDAQ,DGIT
525,NYSE,DGX
630,NYSE,DHI
422,NASDAQ,DHIL
622,NYSE,DHR
775,NYSE,DHT
712,NYSE,DIN
833,NASDAQ,DIOD
722,NYSE,DIS
725,NASDAQ,DISH
757,AMEX,DIT
727,NASDAQ,DJCO
122,NYSE,DK
121,NYSE,DKL
740,NYSE,DKS
766,NYSE,DL
320,AMEX,DLA
836,NYSE,DLB
739,NASDAQ,DLIA
424,NASDAQ,DLLR
441,NYSE,DLR
732,NASDAQ,DLTR
760,NYSE,DLX
423,NASDAQ,DMLP
824,NASDAQ,DMRC
827,NYSE,DNB
515,NASDAQ,DNDN
133,AMEX,DNN
426,NYSE,DNP
121,NYSE,DNR
426,NYSE,DNY
123,NYSE,DO
340,NYSE,DOLE
423,NYSE,DOM
333,NASDAQ,DORM
622,NYSE,DOV
110,NYSE,DOW
826,NYSE,DOX
125,NYSE,DPM
348,NYSE,DPS
836,AMEX,DPW
712,NYSE,DPZ
834,NYSE,DQ
813,NASDAQ,DRAM
622,NYSE,DRC
824,NASDAQ,DRCO
134,NYSE,DRD
444,NYSE,DRE
443,NYSE,DRH
712,NYSE,DRI
852,NASDAQ,DRIV
447,NYSE,DRL
124,NYSE,DRQ
511,NASDAQ,DRRX
775,NASDAQ,DRYS
520,NASDAQ,DSCI
515,NASDAQ,DSCO
425,NYSE,DSM
833,NASDAQ,DSPG
826,NYSE,DST
425,NYSE,DSU
730,NYSE,DSW
322,NASDAQ,DSWL
775,NYSE,DSX
911,NYSE,DTE
425,NYSE,DTF
813,NASDAQ,DTLK
821,NASDAQ,DTSI
425,NYSE,DUC
911,NYSE,DUK
766,NYSE,DV
528,NYSE,DVA
511,NASDAQ,DVAX
715,NYSE,DVD
121,NYSE,DVN
124,NYSE,DVR
332,NYSE,DW
826,NASDAQ,DWCH
124,NASDAQ,DWSN
445,NYSE,DX
752,NASDAQ,DXPE
628,NASDAQ,DXYN
635,NYSE,DY
515,NASDAQ,DYAX
911,NYSE,DYN
521,NASDAQ,DYNT
837,NASDAQ,DYSL
120,NYSE,E
820,NASDAQ,EA
712,NYSE,EAT
739,NASDAQ,EBAY
327,NYSE,EBF
826,NASDAQ,EBIX
911,NYSE,EBR
515,NYSE,EBS
120,NYSE,EC
120,NYSE,ECA
422,AMEX,ECF
774,NASDAQ,ECHO
326,NYSE,ECL
637,NASDAQ,ECOL
422,NASDAQ,ECPG
123,NYSE,ECT
510,NASDAQ,ECTE
623,NASDAQ,ECTY
911,NYSE,ED
521,NASDAQ,EDAP
911,NYSE,EDE
824,NASDAQ,EDGW
766,NASDAQ,EDMC
321,NASDAQ,EDS
766,NYSE,EDU
729,NASDAQ,EDUC
911,NYSE,EE
760,NASDAQ,EEFT
637,NASDAQ,EEI
125,NYSE,EEP
121,NYSE,EEQ
815,NASDAQ,EFII
425,NYSE,EFR
425,NYSE,EFT
821,NASDAQ,EFUT
424,NYSE,EFX
826,NASDAQ,EGAN
412,NASDAQ,EGBN
841,NASDAQ,EGHT
775,NASDAQ,EGLE
121,NYSE,EGN
134,NYSE,EGO
821,NASDAQ,EGOV
444,NYSE,EGP
121,NYSE,EGY
425,NYSE,EHI
422,AMEX,EIA
911,NYSE,EIX
448,NYSE,EJ
323,NYSE,EL
520,NASDAQ,ELGX
821,NYSE,ELLI
513,NYSE,ELN
844,NASDAQ,ELNK
814,NASDAQ,ELON
521,NASDAQ,ELOS
911,NYSE,ELP
761,NASDAQ,ELRC
837,NASDAQ,ELSE
835,NASDAQ,ELTK
813,NYSE,ELX
316,NYSE,ELY
834,AMEX,EMAN
813,NYSE,EMC
432,NASDAQ,EMCI
636,NYSE,EME
426,NYSE,EMF
833,NASDAQ,EMKR
724,NASDAQ,EMMS
110,NYSE,EMN
836,NYSE,EMR
133,AMEX,EMXX
125,NYSE,ENB
121,NYSE,END
511,NASDAQ,ENDP
432,NYSE,ENH
910,NYSE,ENI
728,NYSE,ENL
515,NASDAQ,ENMD
323,NYSE,ENR
834,NASDAQ,ENTG
525,NYSE,ENZ
515,NASDAQ,ENZN
911,NYSE,EOC
121,NYSE,EOG
844,NASDAQ,EONC
426,NYSE,EOS
121,AMEX,EOX
766,NASDAQ,EPAX
826,NASDAQ,EPAY
125,NYSE,EPB
121,NYSE,EPD
824,NASDAQ,EPIQ
121,NYSE,EPL
446,NYSE,EPR
852,NASDAQ,EQIX
445,NYSE,EQR
423,NYSE,EQS
912,NYSE,EQT
121,NYSE,EQU
446,NYSE,EQY
520,AMEX,ERB
123,NYSE,ERF
434,NASDAQ,ERIE
623,NASDAQ,ERII
611,NYSE,ERJ
419,NASDAQ,ESBF
316,NASDAQ,ESCA
837,NYSE,ESE
775,NASDAQ,ESEA
432,NASDAQ,ESGR
766,NYSE,ESI
833,NASDAQ,ESIO
611,NYSE,ESL
521,NASDAQ,ESMC
836,AMEX,ESP
522,NASDAQ,ESRX
445,NYSE,ESS
123,NYSE,ESV
843,AMEX,ETAK
125,NYSE,ETE
420,NASDAQ,ETFC
311,NYSE,ETH
724,NYSE,ETM
836,NYSE,ETN
125,NYSE,ETP
911,NYSE,ETR
426,NYSE,ETV
427,NYSE,ETW
422,NYSE,EV
413,NASDAQ,EVBS
723,NYSE,EVC
123,NASDAQ,EVEP
425,NYSE,EVF
425,NYSE,EVG
320,AMEX,EVK
822,NASDAQ,EVOL
422,AMEX,EVV
521,NYSE,EW
416,NASDAQ,EWBC
521,NASDAQ,EXAC
515,NASDAQ,EXAS
913,NYSE,EXC
515,NASDAQ,EXEL
135,NYSE,EXK
633,NYSE,EXP
773,NASDAQ,EXPD
710,NASDAQ,EXPE
769,NASDAQ,EXPO
814,NASDAQ,EXTR
745,NASDAQ,EZPW
330,NYSE,F
432,NYSE,FAF
821,NASDAQ,FALC
342,NASDAQ,FARM
837,NASDAQ,FARO
634,NASDAQ,FAST
851,NASDAQ,FB
419,NYSE,FBC
414,NASDAQ,FBMI
311,NYSE,FBN
412,NASDAQ,FBNC
418,NYSE,FBP
324,NYSE,FBR
766,NYSE,FC
419,NASDAQ,FCAP
412,NASDAQ,FCBC
415,NASDAQ,FCCO
411,NASDAQ,FCCY
911,NASDAQ,FCEL
411,NYSE,FCF
424,NASDAQ,FCFS
443,NYSE,FCH
769,NYSE,FCN
412,NASDAQ,FCNCA
833,NYSE,FCS
131,NYSE,FCX
416,NASDAQ,FCZA
419,NASDAQ,FDEF
732,NYSE,FDO
341,NYSE,FDP
827,NYSE,FDS
773,NYSE,FDX
911,NYSE,FE
837,NASDAQ,FEIC
627,NASDAQ,FELE
110,NYSE,FF
414,NASDAQ,FFBC
419,NASDAQ,FFBH
432,NYSE,FFG
325,NASDAQ,FFHL
419,NASDAQ,FFIC
415,NASDAQ,FFIN
821,NASDAQ,FFIV
413,NASDAQ,FFKT
413,NASDAQ,FFKY
122,NYSE,FGP
821,NYSE,FICO
422,NYSE,FII
745,NASDAQ,FINL
813,NYSE,FIO
823,NASDAQ,FIRE
824,NYSE,FIS
412,NASDAQ,FISI
760,NASDAQ,FISV
414,NASDAQ,FITB
745,NASDAQ,FIVE
636,NYSE,FIX
321,NYSE,FL
835,NASDAQ,FLEX
411,NASDAQ,FLIC
611,NASDAQ,FLIR
711,NASDAQ,FLL
513,NASDAQ,FLML
342,NYSE,FLO
622,NASDAQ,FLOW
635,NYSE,FLR
622,NYSE,FLS
745,NASDAQ,FLWS
311,NASDAQ,FLXS
761,NYSE,FLY
414,NASDAQ,FMBI
110,NYSE,FMC
424,NYSE,FMD
414,NASDAQ,FMER
413,NASDAQ,FMFC
346,NYSE,FMX
433,NYSE,FNF
419,NASDAQ,FNFG
432,NASDAQ,FNHC
411,NASDAQ,FNLC
320,NYSE,FNP
814,NASDAQ,FNSR
134,NYSE,FNV
113,NYSE,FOE
515,NASDAQ,FOLD
521,NASDAQ,FONR
449,NYSE,FOR
753,NASDAQ,FORD
830,NASDAQ,FORM
768,NASDAQ,FORR
826,NASDAQ,FORTY
317,NASDAQ,FOSL
441,NYSE,FPO
121,AMEX,FPP
444,NYSE,FR
411,NASDAQ,FRBK
410,NYSE,FRC
130,AMEX,FRD
732,NASDAQ,FRED
775,NASDAQ,FREE
432,NYSE,FRF
767,NYSE,FRM
414,NASDAQ,FRME
775,NYSE,FRO
712,AMEX,FRS
446,NYSE,FRT
511,NYSE,FRX
113,AMEX,FSI
832,NASDAQ,FSLR
135,NYSE,FSM
441,AMEX,FSP
333,NYSE,FSS
121,NYSE,FST
758,NASDAQ,FSTR
333,NASDAQ,FSYS
623,NASDAQ,FTEK
124,NYSE,FTI
113,NYSE,FTK
821,NASDAQ,FTNT
113,NYSE,FUL
411,NASDAQ,FULT
716,NYSE,FUN
412,NASDAQ,FUNC
426,NASDAQ,FUND
440,NYSE,FUR
635,NASDAQ,FWLT
773,NASDAQ,FWRD
412,AMEX,FWV
123,NASDAQ,FXEN
760,NYSE,G
820,NYSE,GA
426,NYSE,GAB
414,NASDAQ,GABC
739,NASDAQ,GAIA
515,NASDAQ,GALE
512,NASDAQ,GALT
426,NYSE,GAM
820,NASDAQ,GAME
912,NYSE,GAS
521,NYSE,GB
416,NASDAQ,GBCI
422,NYSE,GBL
412,NASDAQ,GBNK
121,AMEX,GBR
776,NYSE,GBX
424,NYSE,GCA
727,NYSE,GCI
730,NYSE,GCO
814,NASDAQ,GCOM
426,NYSE,GCV
611,NYSE,GD
425,NYSE,GDF
121,NYSE,GDP
426,NYSE,GDV
622,NYSE,GE
325,NYSE,GEF
125,NYSE,GEL
765,NYSE,GEO
837,NASDAQ,GEOS
515,NASDAQ,GERN
730,NYSE,GES
515,NASDAQ,GEVA
110,NASDAQ,GEVO
630,NYSE,GFA
415,NASDAQ,GFED
634,NYSE,GFF
134,NYSE,GFI
134,NYSE,GG
418,NASDAQ,GGAL
130,NYSE,GGB
622,NYSE,GGG
446,NYSE,GGP
525,NASDAQ,GHDX
626,AMEX,GHM
852,NYSE,GIB
626,NASDAQ,GIFI
834,AMEX,GIG
820,NASDAQ,GIGM
320,NASDAQ,GIII
320,NYSE,GIL
515,NASDAQ,GILD
425,NYSE,GIM
342,NYSE,GIS
521,NASDAQ,GIVN
852,NASDAQ,GKNT
425,NASDAQ,GLAD
422,NASDAQ,GLCH
342,NASDAQ,GLDC
124,NYSE,GLF
775,NASDAQ,GLNG
758,NYSE,GLP
622,NASDAQ,GLPW
324,NYSE,GLT
820,NASDAQ,GLUU
836,NYSE,GLW
330,NYSE,GM
737,NASDAQ,GMAN
342,NASDAQ,GMCR
735,NYSE,GME
342,NYSE,GMK
133,AMEX,GMO
761,NYSE,GMT
843,NASDAQ,GNCMA
133,NYSE,GNI
775,NYSE,GNK
333,NASDAQ,GNTX
515,NASDAQ,GNVC
430,NYSE,GNW
771,NYSE,GOL
440,NASDAQ,GOOD
851,NASDAQ,GOOG
134,AMEX,GORO
750,NYSE,GPC
744,NYSE,GPI
325,NYSE,GPK
135,AMEX,GPL
760,NYSE,GPN
637,NASDAQ,GPRC
730,NYSE,GPS
766,NYSE,GPX
113,NYSE,GRA
622,AMEX,GRC
623,AMEX,GRH
341,NASDAQ,GRIF
837,NASDAQ,GRMN
341,NYSE,GRO
422,NASDAQ,GROW
851,NASDAQ,GRPN
446,NYSE,GRT
820,NASDAQ,GRVY
420,NYSE,GS
415,NASDAQ,GSBC
111,NYSE,GSE
776,NYSE,GSH
837,NASDAQ,GSIG
510,NYSE,GSK
760,NASDAQ,GSOL
134,AMEX,GSS
121,AMEX,GST
832,NASDAQ,GTAT
121,AMEX,GTE
627,NYSE,GTI
712,NASDAQ,GTIM
526,NASDAQ,GTIV
626,NASDAQ,GTLS
723,NYSE,GTN
431,NYSE,GTS
515,NASDAQ,GTXI
446,NYSE,GTY
113,NASDAQ,GURE
426,NYSE,GUT
635,AMEX,GV
635,NYSE,GVA
826,AMEX,GVP
776,NYSE,GWR
752,NYSE,GWW
911,NYSE,GXP
610,NYSE,GY
441,NASDAQ,GYRO
710,NYSE,H
520,NYSE,HAE
416,NASDAQ,HAFC
342,NASDAQ,HAIN
124,NYSE,HAL
432,NASDAQ,HALL
314,NYSE,HAR
315,NASDAQ,HAS
743,NASDAQ,HAST
815,NASDAQ,HAUP
424,NASDAQ,HAWK
414,NASDAQ,HBAN
413,NASDAQ,HBHC
320,NYSE,HBI
520,NASDAQ,HBIO
411,NASDAQ,HBNC
411,NASDAQ,HBNK
524,NYSE,HCA
419,NASDAQ,HCBK
432,NYSE,HCC
442,NYSE,HCN
846,NASDAQ,HCOM
442,NYSE,HCP
760,NASDAQ,HCSG
736,NYSE,HD
418,NYSE,HDB
624,NASDAQ,HDNG
752,NASDAQ,HDSN
123,NYSE,HDY
911,NYSE,HE
515,AMEX,HEB
611,NYSE,HEI
312,NASDAQ,HELE
123,NASDAQ,HERO
122,NYSE,HES
448,NYSE,HF
419,NASDAQ,HFBC
419,NASDAQ,HFFC
416,NASDAQ,HFWA
528,NYSE,HGR
123,NYSE,HGT
528,AMEX,HH
721,NYSE,HHS
622,NYSE,HI
740,NASDAQ,HIBB
419,NASDAQ,HIFS
432,NYSE,HIG
626,NASDAQ,HIHO
769,NYSE,HIL
813,NASDAQ,HILL
832,NASDAQ,HIMX
425,NYSE,HIS
512,NASDAQ,HITK
833,NASDAQ,HITT
441,NYSE,HIW
135,NYSE,HL
323,NYSE,HLF
841,NASDAQ,HLIT
528,NYSE,HLS
124,NYSE,HLX
524,NYSE,HMA
330,NYSE,HMC
445,NYSE,HME
710,NASDAQ,HMIN
432,NYSE,HMN
760,NASDAQ,HMSY
134,NYSE,HMY
621,NASDAQ,HNH
313,NYSE,HNI
911,NYSE,HNP
121,NYSE,HNR
521,NASDAQ,HNSN
522,NYSE,HNT
311,NASDAQ,HOFT
332,NYSE,HOG
745,NASDAQ,HOLL
521,NASDAQ,HOLX
622,NYSE,HON
710,NYSE,HOT
630,NYSE,HOV
123,NYSE,HP
425,NYSE,HPF
769,NASDAQ,HPOL
810,NYSE,HPQ
446,NYSE,HPT
760,NYSE,HPY
426,NYSE,HQL
442,NYSE,HR
762,NYSE,HRB
520,NYSE,HRC
343,NYSE,HRL
841,NYSE,HRS
521,AMEX,HRT
634,NYSE,HSC
754,NASDAQ,HSIC
764,NASDAQ,HSII
525,NASDAQ,HSKA
832,NASDAQ,HSOL
513,NYSE,HSP
851,NASDAQ,HSTM
345,NYSE,HSY
416,NASDAQ,HTBK
813,NASDAQ,HTCH
844,NASDAQ,HTCO
426,NYSE,HTD
447,NYSE,HTGC
432,NYSE,HTH
710,NASDAQ,HTHT
774,NASDAQ,HTLD
415,NASDAQ,HTLF
913,AMEX,HTM
445,NYSE,HTS
773,NASDAQ,HUBG
522,NYSE,HUM
110,NYSE,HUN
837,NASDAQ,HURC
737,NYSE,HVT
634,NYSE,HW
752,NASDAQ,HWCC
113,NASDAQ,HWKN
611,NYSE,HXL
630,NYSE,HXM
425,NYSE,HYF
627,NASDAQ,HYGS
425,NYSE,HYT
425,NYSE,HYV
745,NYSE,HZO
134,NYSE,IAG
520,NASDAQ,IART
343,NYSE,IBA
424,NASDAQ,IBCA
414,NASDAQ,IBCP
515,AMEX,IBIO
413,NASDAQ,IBKC
824,NYSE,IBM
410,NYSE,IBN
415,NASDAQ,IBOC
635,NYSE,ICA
822,NASDAQ,ICAD
425,NYSE,ICB
516,NASDAQ,ICCC
423,NYSE,ICE
422,NASDAQ,ICGE
423,AMEX,ICH
525,NASDAQ,ICLR
321,NASDAQ,ICON
510,NASDAQ,ICPT
520,NASDAQ,ICUI
911,NYSE,IDA
840,NASDAQ,IDCC
515,NASDAQ,IDIX
627,AMEX,IDN
637,NASDAQ,IDSA
841,NASDAQ,IDSY
846,NYSE,IDT
830,NASDAQ,IDTI
516,NASDAQ,IDXX
622,NYSE,IEX
113,NYSE,IFF
447,AMEX,IFMI
841,NASDAQ,IFON
430,NYSE,IFT
515,AMEX,IG
635,AMEX,IGC
427,NYSE,IGD
846,NASDAQ,IGLD
812,NASDAQ,IGOI
820,NYSE,IGT
824,NASDAQ,IGTE
827,NYSE,IHS
769,NASDAQ,III
130,NASDAQ,IIIN
850,NASDAQ,IIJI
837,NASDAQ,IIVI
841,NASDAQ,IKAN
515,NASDAQ,ILMN
755,NYSE,IM
515,NASDAQ,IMGN
447,AMEX,IMH
734,NASDAQ,IMKTA
815,NASDAQ,IMMR
515,NASDAQ,IMMU
813,NYSE,IMN
120,AMEX,IMO
834,NASDAQ,IMOS
520,NASDAQ,IMRS
515,AMEX,IMUC
815,NYSE,IN
852,NASDAQ,INAP
515,NASDAQ,INCY
411,NASDAQ,INDB
826,NASDAQ,INFA
515,NASDAQ,INFI
841,NASDAQ,INFN
342,NYSE,INGR
826,NASDAQ,ININ
515,AMEX,INO
760,NASDAQ,INOC
852,NASDAQ,INOD
815,NASDAQ,INPH
822,AMEX,INS
515,NASDAQ,INSM
122,NYSE,INT
830,NASDAQ,INTC
448,NASDAQ,INTG
423,NASDAQ,INTL
833,NASDAQ,INTT
821,NASDAQ,INTU
721,AMEX,INUV
815,NASDAQ,INVE
833,NYSE,INVN
760,NASDAQ,INWK
837,NYSE,IO
122,NYSE,IOC
113,NASDAQ,IOSP
449,AMEX,IOT
324,NYSE,IP
323,NASDAQ,IPAR
845,NASDAQ,IPAS
432,NASDAQ,IPCC
720,NYSE,IPG
834,NASDAQ,IPGP
113,NASDAQ,IPHS
112,NYSE,IPI
510,NASDAQ,IPXL
840,NASDAQ,IQNT
622,NYSE,IR
310,NASDAQ,IRBT
418,NYSE,IRE
833,NYSE,IRF
521,NASDAQ,IRIX
826,NYSE,IRM
419,NASDAQ,IROQ
449,NYSE,IRS
525,NASDAQ,IRWD
715,NASDAQ,ISCA
775,NYSE,ISH
721,NASDAQ,ISIG
830,NASDAQ,ISIL
511,NASDAQ,ISIS
711,NASDAQ,ISLE
822,NASDAQ,ISNS
520,AMEX,ISR
521,NASDAQ,ISRG
121,NASDAQ,ISRL
824,NYSE,ISS
611,NASDAQ,ISSC
831,NASDAQ,ISSI
824,NYSE,IT
911,NYSE,ITC
421,NYSE,ITG
841,AMEX,ITI
433,NASDAQ,ITIC
515,NASDAQ,ITMN
837,NASDAQ,ITRI
622,NYSE,ITT
622,NYSE,ITW
836,NASDAQ,IVAC
521,NYSE,IVC
447,NYSE,IVR
424,NYSE,IX
312,NYSE,JAH
315,NASDAQ,JAKK
832,NASDAQ,JASO
412,NASDAQ,JAXB
515,NASDAQ,JAZZ
774,NASDAQ,JBHT
835,NYSE,JBL
771,NASDAQ,JBLU
342,NASDAQ,JBSS
622,NYSE,JBT
333,NYSE,JCI
852,NASDAQ,JCOM
731,NYSE,JCP
632,NASDAQ,JCTCF
426,NYSE,JDD
841,NASDAQ,JDSU
913,NYSE,JE
767,NYSE,JEC
419,NASDAQ,JFBI
425,NYSE,JHI
425,NYSE,JHS
633,NYSE,JHX
342,NASDAQ,JJSF
826,NASDAQ,JKHY
627,NYSE,JKS
448,NYSE,JLL
712,NASDAQ,JMBA
510,NYSE,JNJ
814,NYSE,JNPR
422,NYSE,JNS
730,NYSE,JNY
764,AMEX,JOB
764,NASDAQ,JOBS
449,NYSE,JOE
320,NASDAQ,JOEZ
427,NYSE,JOF
730,NASDAQ,JOSB
316,NASDAQ,JOUT
620,NYSE,JOY
410,NYSE,JPM
133,NASDAQ,JRCC
851,NASDAQ,JRJC
727,NYSE,JRN
422,AMEX,JRS
836,NASDAQ,JST
425,NYSE,JTP
342,NASDAQ,JVA
730,NYSE,JWN
342,NYSE,K
622,NYSE,KAI
418,NYSE,KB
835,NASDAQ,KBALB
630,NYSE,KBH
767,NYSE,KBR
423,NASDAQ,KCAP
420,NYSE,KCG
430,NASDAQ,KCLI
624,NYSE,KDN
123,NYSE,KEG
764,NASDAQ,KELYA
836,NYSE,KEM
911,NYSE,KEP
313,NASDAQ,KEQU
510,NASDAQ,KERX
775,NYSE,KEX
852,NASDAQ,KEYN
821,NASDAQ,KEYW
427,NYSE,KF
447,NYSE,KFN
764,NASDAQ,KFRC
432,NYSE,KFS
764,NYSE,KFY
134,NYSE,KGC
446,NYSE,KIM
122,NASDAQ,KIOR
737,NASDAQ,KIRK
712,NYSE,KKD
422,NYSE,KKR
834,NASDAQ,KLAC
834,NASDAQ,KLIC
323,NYSE,KMB
113,NYSE,KMG
125,NYSE,KMI
125,NYSE,KMP
125,NYSE,KMR
624,NYSE,KMT
744,NYSE,KMX
820,NYSE,KNM
348,NYSE,KO
348,NYSE,KOF
123,NYSE,KOG
820,NASDAQ,KONG
521,NASDAQ,KOOL
113,NYSE,KOP
830,NASDAQ,KOPN
121,NYSE,KOS
314,NASDAQ,KOSS
734,NYSE,KR
441,NYSE,KRC
340,NASDAQ,KRFT
113,NYSE,KRO
730,NYSE,KSS
776,NYSE,KSU
845,NYSE,KT
815,NASDAQ,KTCC
342,NASDAQ,KTEC
765,NASDAQ,KTOS
722,NASDAQ,KUTV
841,NASDAQ,KVHI
448,NYSE,KW
121,NYSE,KWK
113,NYSE,KWR
836,NYSE,KYO
432,NYSE,L
760,NASDAQ,LABL
711,NASDAQ,LACO
744,NYSE,LAD
520,NASDAQ,LAKE
720,NASDAQ,LAMR
340,NASDAQ,LANC
440,NASDAQ,LAND
752,NASDAQ,LAWS
635,NASDAQ,LAYN
422,NYSE,LAZ
411,NASDAQ,LBAI
348,NASDAQ,LBIX
725,NASDAQ,LBTYA
527,NASDAQ,LCAV
770,NYSE,LCC
511,AMEX,LCI
312,NASDAQ,LCUT
427,NYSE,LDF
830,NYSE,LDK
210,NYSE,LDL
837,NYSE,LDR
333,NYSE,LEA
840,NASDAQ,LEAP
625,NASDAQ,LECO
821,NASDAQ,LEDR
831,NASDAQ,LEDS
727,NYSE,LEE
311,NYSE,LEG
121,AMEX,LEI
630,NYSE,LEN
315,NYSE,LF
430,NYSE,LFC
771,NYSE,LFL
836,NASDAQ,LFUS
912,NYSE,LG
726,NYSE,LGF
627,AMEX,LGL
515,NASDAQ,LGND
525,NYSE,LH
443,NYSE,LHO
525,NASDAQ,LIFE
622,NYSE,LII
767,NASDAQ,LIME
766,NASDAQ,LINC
121,NASDAQ,LINE
412,NASDAQ,LION
760,NASDAQ,LIOX
414,NASDAQ,LKFN
736,NYSE,LL
136,NASDAQ,LLEN
611,NYSE,LLL
832,NASDAQ,LLTC
510,NYSE,LLY
422,NYSE,LM
723,NASDAQ,LMCA
611,NASDAQ,LMIA
520,NASDAQ,LMNX
611,NYSE,LMT
414,NASDAQ,LNBB
430,NYSE,LNC
342,NASDAQ,LNCE
448,NYSE,LND
110,NASDAQ,LNDC
123,AMEX,LNG
851,NYSE,LNKD
620,NYSE,LNN
911,NYSE,LNT
350,NYSE,LO
851,NASDAQ,LOCM
134,AMEX,LODE
765,NASDAQ,LOJN
852,NASDAQ,LONG
851,NASDAQ,LOOK
736,NYSE,LOW
430,NASDAQ,LPHI
121,NYSE,LPI
836,NYSE,LPL
524,NASDAQ,LPNT
121,NYSE,LPR
760,NASDAQ,LPSN
834,NASDAQ,LPTH
515,NASDAQ,LPTN
751,NYSE,LPX
836,NASDAQ,LRAD
834,NASDAQ,LRCX
441,NYSE,LRY
419,NASDAQ,LSBI
832,NASDAQ,LSCC
441,NYSE,LSE
134,AMEX,LSG
832,NASDAQ,LSI
774,NASDAQ,LSTR
111,NASDAQ,LTBR
442,NYSE,LTC
730,NYSE,LTD
840,NASDAQ,LTON
766,NASDAQ,LTRE
814,NASDAQ,LTRX
420,AMEX,LTS
834,NASDAQ,LTXC
712,NYSE,LUB
343,NYSE,LUK
320,NASDAQ,LULU
837,NASDAQ,LUNA
771,NYSE,LUV
730,NYSE,LUX
317,NYSE,LVB
846,NYSE,LVLT
711,NYSE,LVS
344,NASDAQ,LWAY
812,NYSE,LXK
440,NYSE,LXP
110,NYSE,LXU
417,NYSE,LYG
627,NASDAQ,LYTS
722,NYSE,LYV
311,NYSE,LZB
731,NYSE,M
424,NYSE,MA
445,NYSE,MAA
446,NYSE,MAC
765,NASDAQ,MAGS
521,NASDAQ,MAKO
764,NYSE,MAN
821,NASDAQ,MANH
823,NASDAQ,MANT
317,NYSE,MANU
710,NYSE,MAR
423,NASDAQ,MARPS
634,NYSE,MAS
521,NASDAQ,MASI
315,NASDAQ,MAT
821,NASDAQ,MATR
762,NASDAQ,MATW
775,NYSE,MATX
425,NYSE,MAV
768,NASDAQ,MAXY
448,NASDAQ,MAYS
414,NASDAQ,MBFI
432,NYSE,MBI
113,NASDAQ,MBLX
412,NASDAQ,MBRG
840,NYSE,MBT
411,NASDAQ,MBTF
411,NASDAQ,MBVT
414,NASDAQ,MBWM
414,NASDAQ,MCBC
415,NASDAQ,MCBI
426,NYSE,MCC
712,NYSE,MCD
121,AMEX,MCF
422,NASDAQ,MCGC
832,NASDAQ,MCHP
756,NYSE,MCK
760,NYSE,MCO
133,NYSE,MCP
711,NASDAQ,MCRI
833,NASDAQ,MCRL
821,NASDAQ,MCRS
711,NYSE,MCS
432,NYSE,MCY
815,AMEX,MCZ
630,NYSE,MDC
521,NASDAQ,MDCI
511,NASDAQ,MDCO
345,NASDAQ,MDLZ
136,AMEX,MDM
728,NYSE,MDP
124,NYSE,MDR
521,NASDAQ,MDRX
521,NYSE,MDT
913,NYSE,MDU
515,NASDAQ,MDVN
134,AMEX,MDW
626,AMEX,MEA
837,NASDAQ,MEAD
837,NASDAQ,MEAS
745,NYSE,MED
851,AMEX,MEET
723,NYSE,MEG
511,NASDAQ,MEIP
520,NASDAQ,MELA
852,NASDAQ,MELI
425,NYSE,MEN
822,NASDAQ,MENT
113,NASDAQ,MEOH
430,NYSE,MET
411,NASDAQ,METR
440,NYSE,MFA
320,NYSE,MFB
430,NYSE,MFC
411,NASDAQ,MFLR
835,NASDAQ,MFLX
425,NYSE,MFM
623,NASDAQ,MFRI
414,NASDAQ,MFSF
750,NYSE,MGA
714,NASDAQ,MGAM
521,NASDAQ,MGCD
913,NASDAQ,MGEE
134,AMEX,MGH
821,NASDAQ,MGIC
711,NYSE,MGM
135,AMEX,MGN
342,NASDAQ,MGPI
761,NASDAQ,MGRC
425,NYSE,MHD
628,NYSE,MHK
630,NYSE,MHO
123,NYSE,MHR
758,NYSE,MIC
610,NASDAQ,MICT
622,NASDAQ,MIDD
432,NYSE,MIG
133,NYSE,MIL
121,NYSE,MILL
837,NASDAQ,MIND
325,NASDAQ,MINI
821,NASDAQ,MITK
342,NYSE,MJN
342,NYSE,MKC
432,NYSE,MKL
834,NASDAQ,MKSI
821,NASDAQ,MKTG
520,NASDAQ,MLAB
313,NASDAQ,MLHR
626,NYSE,MLI
634,NYSE,MLM
852,NASDAQ,MLNK
830,NASDAQ,MLNX
333,NYSE,MLR
721,NYSE,MM
434,NYSE,MMC
125,NASDAQ,MMLP
210,NYSE,MMM
125,NYSE,MMP
760,NYSE,MMS
520,NASDAQ,MMSI
824,NASDAQ,MNDO
727,NYSE,MNI
515,NASDAQ,MNKD
412,NASDAQ,MNRK
333,NASDAQ,MNRO
348,NASDAQ,MNST
512,NASDAQ,MNTA
711,NASDAQ,MNTG
622,NASDAQ,MNTX
350,NYSE,MO
846,NASDAQ,MOBI
837,NASDAQ,MOCO
522,NYSE,MOH
836,NASDAQ,MOLX
112,NYSE,MON
827,NASDAQ,MORN
112,NYSE,MOS
833,NASDAQ,MOSY
317,NYSE,MOV
851,NASDAQ,MOVE
325,NASDAQ,MPAC
122,NYSE,MPC
711,NASDAQ,MPEL
121,NASDAQ,MPET
441,NYSE,MPG
622,NYSE,MPR
442,NYSE,MPW
832,NASDAQ,MPWR
425,NYSE,MQT
425,NYSE,MQY
520,NYSE,MR
815,NASDAQ,MRCY
825,NASDAQ,MRGE
432,NYSE,MRH
510,NYSE,MRK
447,NASDAQ,MRLN
121,NYSE,MRO
774,NASDAQ,MRTN
833,NASDAQ,MRVL
420,NYSE,MS
521,NYSE,MSA
423,NYSE,MSB
833,NASDAQ,MSCC
821,NYSE,MSCI
425,NYSE,MSD
914,NASDAQ,MSEX
427,NYSE,MSF
414,NASDAQ,MSFG
826,NASDAQ,MSFT
841,NYSE,MSI
413,AMEX,MSL
752,NYSE,MSM
314,AMEX,MSN
728,NYSE,MSO
521,NASDAQ,MSON
834,NASDAQ,MSPD
826,NASDAQ,MSTR
411,NYSE,MTB
525,NYSE,MTD
323,NASDAQ,MTEX
432,NYSE,MTG
630,NYSE,MTH
130,NYSE,MTL
711,NYSE,MTN
333,NYSE,MTOR
423,NYSE,MTR
635,NASDAQ,MTRX
425,NYSE,MTS
837,NASDAQ,MTSC
830,NASDAQ,MTSI
846,NASDAQ,MTSL
834,NASDAQ,MTSN
410,NYSE,MTU
620,NYSE,MTW
111,NYSE,MTX
635,NYSE,MTZ
831,NASDAQ,MU
425,NYSE,MUA
425,NYSE,MUH
425,NYSE,MUI
121,NYSE,MUR
133,NYSE,MUX
423,NYSE,MVC
422,AMEX,MVF
135,AMEX,MVG
836,NASDAQ,MVIS
425,NYSE,MVT
730,NYSE,MW
621,NYSE,MWA
325,NYSE,MWV
720,NYSE,MWW
832,NYSE,MX
121,AMEX,MXC
830,NASDAQ,MXIM
840,NYSE,MXT
836,NASDAQ,MXWL
622,NYSE,MY
425,NYSE,MYC
425,NYSE,MYD
322,NYSE,MYE
425,NYSE,MYF
768,NASDAQ,MYGN
425,NYSE,MYJ
422,AMEX,MZA
826,NYSE,N
425,NYSE,NAC
425,NYSE,NAD
757,NASDAQ,NAFC
514,NASDAQ,NAII
133,AMEX,NAK
834,NASDAQ,NANO
419,NASDAQ,NASB
775,NYSE,NAT
712,NASDAQ,NATH
822,NASDAQ,NATI
514,NASDAQ,NATR
331,NYSE,NAV
521,AMEX,NAVB
432,NASDAQ,NAVG
755,NASDAQ,NAVR
410,NYSE,NBG
510,NASDAQ,NBIX
121,NYSE,NBL
123,NYSE,NBR
411,NASDAQ,NBTB
413,NASDAQ,NBTF
511,AMEX,NBY
210,NYSE,NC
412,NASDAQ,NCBC
769,NYSE,NCI
425,NYSE,NCO
425,NYSE,NCP
824,NYSE,NCR
634,NYSE,NCS
440,NYSE,NCT
820,NASDAQ,NCTY
423,NASDAQ,NDAQ
622,NASDAQ,NDSN
123,NYSE,NE
729,NYSE,NED
911,NYSE,NEE
134,NYSE,NEM
448,AMEX,NEN
516,NASDAQ,NEOG
836,NASDAQ,NEON
852,NASDAQ,NETE
113,NYSE,NEU
775,NASDAQ,NEWL
752,NASDAQ,NEWP
121,NYSE,NFG
743,NASDAQ,NFLX
121,NYSE,NFX
134,AMEX,NG
134,AMEX,NGD
912,NYSE,NGG
442,NYSE,NHI
419,NASDAQ,NHTB
913,NYSE,NI
424,NASDAQ,NICK
840,NASDAQ,NIHD
425,NYSE,NIM
826,NASDAQ,NINE
627,NYSE,NJ
912,NYSE,NJR
321,NYSE,NKE
422,AMEX,NKG
412,NASDAQ,NKSH
515,NASDAQ,NKTR
111,NYSE,NL
316,NYSE,NLS
831,NASDAQ,NLST
440,NYSE,NLY
775,NYSE,NM
422,AMEX,NMB
425,NYSE,NMI
420,NYSE,NMR
841,NASDAQ,NMRX
425,NYSE,NMY
422,AMEX,NMZ
775,NYSE,NNA
624,NASDAQ,NNBR
424,NYSE,NNI
440,NYSE,NNN
124,NYSE,NOA
610,NYSE,NOC
123,AMEX,NOG
841,NYSE,NOK
132,NYSE,NOR
124,NYSE,NOV
416,NASDAQ,NOVB
324,NYSE,NP
411,NASDAQ,NPBC
425,NYSE,NPF
310,NYSE,NPK
621,NYSE,NPO
515,NASDAQ,NPSP
821,NYSE,NQ
425,NYSE,NQC
425,NYSE,NQM
425,NYSE,NQU
124,NYSE,NR
446,NYSE,NRF
913,NYSE,NRG
416,NASDAQ,NRIM
133,NYSE,NRP
423,NYSE,NRT
445,NYSE,NRZ
125,NYSE,NS
776,NYSE,NSC
125,NYSE,NSH
821,NASDAQ,NSIT
425,NYSE,NSL
447,NYSE,NSM
760,NYSE,NSP
520,NASDAQ,NSPH
765,NASDAQ,NSSC
134,AMEX,NSU
836,NASDAQ,NSYS
813,NASDAQ,NTAP
826,NASDAQ,NTCT
836,NYSE,NTE
852,NASDAQ,NTES
841,NASDAQ,NTGR
845,NYSE,NTL
723,AMEX,NTN
763,NASDAQ,NTRI
422,NASDAQ,NTRS
846,AMEX,NTS
768,NASDAQ,NTSC
845,NYSE,NTT
821,NASDAQ,NTWK
311,NYSE,NTZ
913,NYSE,NU
821,NASDAQ,NUAN
130,NYSE,NUE
520,NASDAQ,NURO
323,NYSE,NUS
323,NASDAQ,NUTR
425,NYSE,NUV
515,NASDAQ,NVAX
832,NASDAQ,NVDA
913,NYSE,NVE
832,NASDAQ,NVEC
510,NASDAQ,NVGN
834,NASDAQ,NVMI
511,NYSE,NVO
510,NYSE,NVS
846,NASDAQ,NVTL
422,AMEX,NVX
411,NASDAQ,NWFL
312,NYSE,NWL
912,NYSE,NWN
130,NASDAQ,NWPX
723,NASDAQ,NWSA
634,NYSE,NX
425,NYSE,NXC
830,NASDAQ,NXPI
425,NYSE,NXQ
425,NYSE,NXR
723,NASDAQ,NXST
419,NYSE,NYCB
516,NASDAQ,NYMX
711,NASDAQ,NYNY
727,NYSE,NYT
423,NYSE,NYX
422,AMEX,NZH
446,NYSE,O
422,NYSE,OAK
121,NYSE,OAS
448,NASDAQ,OBAS
326,NASDAQ,OBCI
634,NYSE,OC
419,NASDAQ,OCFC
834,NASDAQ,OCLR
520,NASDAQ,OCLS
419,NYSE,OCN
756,NYSE,OCR
813,NASDAQ,OCZ
113,NYSE,ODC
774,NASDAQ,ODFL
745,NYSE,ODP
710,NYSE,OEH
441,NYSE,OFC
521,NASDAQ,OFIX
911,NYSE,OGE
515,NASDAQ,OGXI
442,NYSE,OHI
325,NYSE,OI
124,NYSE,OII
836,NASDAQ,OIIM
124,NYSE,OIS
912,NYSE,OKE
415,NASDAQ,OKSB
412,NASDAQ,OLBK
113,NYSE,OLN
720,NYSE,OMC
812,NASDAQ,OMCL
342,NYSE,OME
760,NASDAQ,OMEX
113,NYSE,OMG
754,NYSE,OMI
113,NYSE,OMN
745,NYSE,OMX
760,NYSE,ONE
419,NASDAQ,ONFC
830,NASDAQ,ONNN
515,NASDAQ,ONTY
760,NASDAQ,ONVI
515,NASDAQ,ONXX
826,NASDAQ,OPAY
851,NASDAQ,OPEN
412,NASDAQ,OPHC
833,NASDAQ,OPLK
412,NASDAQ,OPOF
913,NASDAQ,OPTT
515,NASDAQ,OPXA
421,NYSE,OPY
911,NYSE,ORA
611,NYSE,ORB
836,NASDAQ,ORBK
836,NASDAQ,ORBT
511,NASDAQ,OREX
433,NYSE,ORI
123,NASDAQ,ORIG
738,NASDAQ,ORLY
635,NYSE,ORN
414,NASDAQ,OSBC
515,NASDAQ,OSIR
627,NASDAQ,OSIS
331,NYSE,OSK
739,NASDAQ,OSTK
520,NASDAQ,OSUR
821,NASDAQ,OTEX
842,NASDAQ,OTIV
913,NASDAQ,OTTR
414,NASDAQ,OVBC
813,NASDAQ,OVRL
833,NASDAQ,OVTI
716,NYSE,OWW
515,NASDAQ,OXBT
515,NASDAQ,OXGN
320,NYSE,OXM
121,NYSE,OXY
413,NASDAQ,OZRK
724,NYSE,P
125,NYSE,PAA
772,NYSE,PAC
515,NASDAQ,PACB
123,NYSE,PACD
776,NASDAQ,PACR
826,NASDAQ,PACT
416,NASDAQ,PACW
744,NYSE,PAG
425,NYSE,PAI
133,AMEX,PAL
814,NYSE,PANW
821,NYSE,PAR
515,NASDAQ,PATH
632,NASDAQ,PATK
774,NASDAQ,PATR
313,NYSE,PAY
764,NASDAQ,PAYX
415,NYSE,PB
419,NASDAQ,PBCT
419,NASDAQ,PBHC
313,NYSE,PBI
121,NYSE,PBT
738,NYSE,PBY
331,NASDAQ,PCAR
416,NASDAQ,PCBK
444,AMEX,PCC
739,NASDAQ,PCCC
425,NYSE,PCF
911,NYSE,PCG
445,NYSE,PCL
760,NASDAQ,PCLN
626,NYSE,PCP
840,NASDAQ,PCTI
511,NASDAQ,PCYC
121,NASDAQ,PDCE
754,NASDAQ,PDCO
520,NASDAQ,PDEX
822,NASDAQ,PDFS
760,NASDAQ,PDII
515,NASDAQ,PDLI
121,AMEX,PDO
124,NYSE,PDS
443,NYSE,PEB
412,NASDAQ,PEBK
414,NASDAQ,PEBO
913,NYSE,PEG
826,NASDAQ,PEGA
446,NYSE,PEI
113,NASDAQ,PEIX
711,NASDAQ,PENN
113,NASDAQ,PENX
426,NYSE,PEO
411,NASDAQ,PEOP
348,NYSE,PEP
121,NYSE,PER
745,NASDAQ,PERF
320,NASDAQ,PERY
637,NASDAQ,PESI
745,NASDAQ,PETM
513,NASDAQ,PETS
416,NASDAQ,PFBC
413,NASDAQ,PFBI
411,NASDAQ,PFBX
510,NYSE,PFE
422,NYSE,PFG
625,NASDAQ,PFIN
425,NYSE,PFO
419,NYSE,PFS
760,NASDAQ,PFSW
323,NYSE,PG
123,NYSE,PGH
846,NYSE,PGI
515,NASDAQ,PGNX
432,NYSE,PGR
621,NYSE,PH
314,NYSE,PHG
424,NYSE,PHH
845,NYSE,PHI
630,NYSE,PHM
521,NASDAQ,PHMD
431,NASDAQ,PICO
332,NYSE,PII
425,NYSE,PIM
515,AMEX,PIP
737,NYSE,PIR
411,NASDAQ,PKBK
124,NYSE,PKD
834,NYSE,PKE
325,NYSE,PKG
525,NYSE,PKI
626,NASDAQ,PKOH
826,NASDAQ,PKT
441,NYSE,PKY
430,NYSE,PL
833,NASDAQ,PLAB
421,NASDAQ,PLCC
730,NASDAQ,PLCE
842,NASDAQ,PLCM
444,NYSE,PLD
133,AMEX,PLG
622,NYSE,PLL
133,AMEX,PLM
836,NASDAQ,PLNR
627,NASDAQ,PLPC
842,NYSE,PLT
836,NASDAQ,PLUG
821,NASDAQ,PLUS
515,AMEX,PLX
835,NASDAQ,PLXS
833,NASDAQ,PLXT
350,NYSE,PM
416,NASDAQ,PMBC
833,NASDAQ,PMCS
622,NASDAQ,PMFG
425,NYSE,PMM
425,NYSE,PMO
445,NYSE,PMT
822,NASDAQ,PMTC
411,NASDAQ,PNBK
410,NYSE,PNC
413,NASDAQ,PNFP
912,NYSE,PNG
711,NYSE,PNK
913,NYSE,PNM
621,NYSE,PNR
713,NASDAQ,PNRA
121,NASDAQ,PNRG
841,NASDAQ,PNTR
911,NYSE,PNW
430,NYSE,PNX
912,NYSE,PNY
113,NYSE,POL
911,NYSE,POM
316,NASDAQ,POOL
112,NYSE,POT
833,NASDAQ,POWI
627,NASDAQ,POWL
511,NASDAQ,POZN
416,NASDAQ,PPBI
113,NYSE,PPG
515,NASDAQ,PPHM
911,NYSE,PPL
622,NYSE,PPO
134,NYSE,PPP
445,NYSE,PPS
121,NYSE,PQ
432,NYSE,PRA
760,NASDAQ,PRAA
837,NASDAQ,PRCP
432,NYSE,PRE
826,NASDAQ,PRFT
775,NASDAQ,PRGN
821,NASDAQ,PRGS
760,NASDAQ,PRGX
430,NYSE,PRI
722,NYSE,PRIS
414,AMEX,PRK
833,NASDAQ,PRKR
755,NASDAQ,PRLS
348,NASDAQ,PRMW
419,NASDAQ,PROV
528,NASDAQ,PRSC
851,NASDAQ,PRSS
738,NASDAQ,PRTS
430,NYSE,PRU
716,NASDAQ,PRXI
525,NASDAQ,PRXL
440,NYSE,PSA
440,NYSE,PSB
513,NASDAQ,PSDV
422,NASDAQ,PSEC
833,NASDAQ,PSEM
732,NASDAQ,PSMT
729,NYSE,PSO
515,NASDAQ,PSTI
730,NASDAQ,PSUN
122,NYSE,PSX
840,NYSE,PT
714,NASDAQ,PTEK
123,NASDAQ,PTEN
515,NASDAQ,PTIE
814,NASDAQ,PTIX
516,AMEX,PTN
840,NASDAQ,PTNR
432,NYSE,PTP
120,NYSE,PTR
734,NASDAQ,PTRY
774,NASDAQ,PTSI
430,NYSE,PUK
419,NASDAQ,PULB
836,NYSE,PULS
121,NYSE,PVA
423,NYSE,PVD
419,NASDAQ,PVFC
133,NYSE,PVG
320,NYSE,PVH
913,NYSE,PVR
414,NASDAQ,PVTB
440,AMEX,PW
123,NYSE,PWE
412,NASDAQ,PWOD
636,NYSE,PWR
820,NASDAQ,PWRD
110,NYSE,PX
121,NYSE,PXD
833,NASDAQ,PXLW
120,NYSE,PZE
133,AMEX,PZG
422,NYSE,PZN
712,NASDAQ,PZZA
712,NASDAQ,PZZI
525,NYSE,Q
836,NASDAQ,QBAK
419,NASDAQ,QCCO
841,NASDAQ,QCOM
515,NASDAQ,QCOR
415,NASDAQ,QCRH
516,NASDAQ,QDEL
768,NASDAQ,QGEN
850,NYSE,QIHU
833,NASDAQ,QLGC
826,NASDAQ,QLIK
515,NASDAQ,QLTI
774,NASDAQ,QLTY
133,AMEX,QMM
133,AMEX,QRM
825,NASDAQ,QSII
813,NYSE,QTM
333,NASDAQ,QTWW
833,NASDAQ,QUIK
761,NYSE,R
733,NYSE,RAD
350,NYSE,RAI
776,NASDAQ,RAIL
440,NYSE,RAS
622,NASDAQ,RAVN
824,NYSE,RAX
760,NYSE,RBA
413,NASDAQ,RBCAA
834,NASDAQ,RBCN
411,NASDAQ,RBPAA
134,AMEX,RBY
422,AMEX,RCG
840,NYSE,RCI
745,NASDAQ,RCII
321,NASDAQ,RCKY
711,NYSE,RCL
764,NASDAQ,RCMT
123,NYSE,RDC
815,NASDAQ,RDCM
323,NASDAQ,RDEN
432,NYSE,RDN
824,NASDAQ,RDWR
511,NYSE,RDY
432,NYSE,RE
769,NASDAQ,RECN
851,NASDAQ,REDF
627,NASDAQ,REFR
446,NYSE,REG
122,NASDAQ,REGI
515,NASDAQ,REGN
753,NASDAQ,RELL
515,NASDAQ,RELV
714,NYSE,RENN
726,NASDAQ,RENT
124,NYSE,RES
323,NYSE,REV
422,NASDAQ,REXI
413,NYSE,RF
836,NASDAQ,RFIL
833,NASDAQ,RFMD
430,NYSE,RGA
726,NYSE,RGC
912,NASDAQ,RGCO
515,NASDAQ,RGEN
134,NASDAQ,RGLD
611,NYSE,RGR
762,NYSE,RGS
764,NYSE,RHI
821,NYSE,RHT
134,AMEX,RIC
712,NASDAQ,RICK
426,AMEX,RIF
123,NYSE,RIG
510,NASDAQ,RIGL
815,NASDAQ,RIMG
133,NYSE,RIO
841,NASDAQ,RITT
771,NASDAQ,RJET
421,NYSE,RJF
325,NYSE,RKT
320,NYSE,RL
432,NYSE,RLI
720,NASDAQ,RLOC
831,NASDAQ,RMBS
345,NASDAQ,RMCF
521,NYSE,RMD
426,NYSE,RMT
510,NASDAQ,RMTI
427,NYSE,RNE
840,NASDAQ,RNET
112,NYSE,RNF
515,AMEX,RNN
432,NYSE,RNR
821,NASDAQ,RNWK
113,NYSE,ROC
130,NASDAQ,ROCK
520,NASDAQ,ROCM
322,NYSE,ROG
724,NASDAQ,ROIAK
446,NASDAQ,ROIC
622,NYSE,ROK
760,NYSE,ROL
624,NASDAQ,ROLL
622,NYSE,ROP
525,NASDAQ,ROSG
730,NASDAQ,ROST
820,NASDAQ,ROVI
121,NASDAQ,ROYL
113,NYSE,RPM
446,NYSE,RPT
510,NASDAQ,RPTP
760,NASDAQ,RPXC
121,NYSE,RRC
712,NASDAQ,RRGB
846,NASDAQ,RRST
626,NYSE,RS
448,NYSE,RSE
637,NYSE,RSG
735,NYSE,RSH
445,NYSE,RSO
821,NYSE,RST
837,NASDAQ,RSTI
812,NASDAQ,RSYS
712,NYSE,RT
837,NASDAQ,RTEC
752,NYSE,RTI
521,NASDAQ,RTIX
610,NYSE,RTN
728,NYSE,RUK
744,NASDAQ,RUSHB
824,NASDAQ,RVBD
520,AMEX,RVP
419,NASDAQ,RVSB
426,NYSE,RVT
841,AMEX,RWC
440,NYSE,RWT
410,NYSE,RY
630,NYSE,RYL
846,NYSE,S
134,NYSE,SA
340,NASDAQ,SAFM
432,NASDAQ,SAFT
744,NYSE,SAH
724,NASDAQ,SALM
346,NYSE,SAM
417,NYSE,SAN
134,AMEX,SAND
836,NASDAQ,SANM
821,NYSE,SAP
826,NASDAQ,SAPE
423,NYSE,SAR
412,NASDAQ,SASR
775,NYSE,SB
761,NASDAQ,SBAC
412,NASDAQ,SBCF
723,NASDAQ,SBGI
745,NYSE,SBH
775,NASDAQ,SBLK
423,NYSE,SBR
914,NYSE,SBS
724,NASDAQ,SBSA
412,NASDAQ,SBSI
713,NASDAQ,SBUX
445,NYSE,SBY
131,NYSE,SCCO
911,NYSE,SCG
729,NASDAQ,SCHL
626,NASDAQ,SCHN
420,NYSE,SCHW
762,NYSE,SCI
326,NYSE,SCL
511,NASDAQ,SCLN
136,NASDAQ,SCOK
833,NASDAQ,SCON
760,NASDAQ,SCOR
313,NYSE,SCS
822,NASDAQ,SCSC
311,NASDAQ,SCSS
832,NASDAQ,SCTY
730,NASDAQ,SCVL
625,NYSE,SCX
123,NYSE,SD
123,NYSE,SDLP
121,NYSE,SDR
123,NYSE,SDRL
121,NYSE,SDT
125,NYSE,SE
821,NASDAQ,SEAC
343,AMEX,SEB
325,NYSE,SEE
341,NASDAQ,SEED
422,NASDAQ,SEIC
524,NYSE,SEM
342,NASDAQ,SENEA
342,NASDAQ,SENEB
833,NASDAQ,SEV
421,NYSE,SF
343,NYSE,SFD
760,NYSE,SFE
431,NYSE,SFG
440,NYSE,SFI
775,NYSE,SFL
762,NASDAQ,SFLY
764,NYSE,SFN
413,NASDAQ,SFNC
121,NYSE,SFY
724,AMEX,SGA
412,AMEX,SGB
515,NASDAQ,SGEN
810,NASDAQ,SGI
842,NYSE,SGK
835,NASDAQ,SGMA
515,NASDAQ,SGMO
714,NASDAQ,SGMS
512,NASDAQ,SGNT
314,NASDAQ,SGOC
760,NASDAQ,SGRP
125,NYSE,SGU
121,NYSE,SGY
511,NASDAQ,SGYP
412,NASDAQ,SHBI
844,NASDAQ,SHEN
317,NASDAQ,SHFL
418,NYSE,SHG
122,NYSE,SHI
731,NASDAQ,SHLD
110,NASDAQ,SHLM
333,NASDAQ,SHLO
321,NASDAQ,SHOO
113,NYSE,SHW
622,NYSE,SI
113,NASDAQ,SIAL
130,NYSE,SID
421,NASDAQ,SIEB
626,AMEX,SIF
850,NASDAQ,SIFY
510,NASDAQ,SIGA
432,NASDAQ,SIGI
832,NASDAQ,SIGM
814,NASDAQ,SILC
130,AMEX,SIM
830,NASDAQ,SIMG
836,NASDAQ,SIMO
852,NASDAQ,SINA
724,NASDAQ,SIRI
416,NASDAQ,SIVB
716,NYSE,SIX
912,NYSE,SJI
342,NYSE,SJM
725,NYSE,SJR
121,NYSE,SJT
840,NYSE,SKM
731,NYSE,SKS
446,NYSE,SKT
314,NASDAQ,SKUL
321,NYSE,SKX
631,NYSE,SKY
771,NASDAQ,SKYW
832,NASDAQ,SLAB
124,NYSE,SLB
133,NYSE,SLCA
432,NYSE,SLF
446,NYSE,SLG
325,NASDAQ,SLGN
836,AMEX,SLI
826,NASDAQ,SLP
423,NASDAQ,SLRC
852,NASDAQ,SLTC
135,NYSE,SLW
512,NASDAQ,SLXP
121,NYSE,SM
419,NASDAQ,SMBC
418,NYSE,SMFG
112,NYSE,SMG
833,NYSE,SMI
837,NASDAQ,SMIT
333,NYSE,SMP
419,NASDAQ,SMPL
730,NASDAQ,SMRT
637,NYSE,SMS
821,NASDAQ,SMSI
833,NASDAQ,SMTC
835,NASDAQ,SMTX
625,NYSE,SNA
342,NASDAQ,SNAK
411,NASDAQ,SNBC
821,NASDAQ,SNCR
813,NASDAQ,SNDK
314,NYSE,SNE
424,NASDAQ,SNFCA
445,NYSE,SNH
621,NASDAQ,SNHY
113,NASDAQ,SNMX
521,NYSE,SNN
120,NYSE,SNP
834,NASDAQ,SNPS
515,NASDAQ,SNSS
515,NASDAQ,SNTS
412,NYSE,SNV
760,NYSE,SNX
911,NYSE,SO
413,NASDAQ,SOCB
348,NASDAQ,SODA
821,NASDAQ,SOFO
851,NASDAQ,SOHU
832,NYSE,SOL
325,NYSE,SON
712,NASDAQ,SONC
841,NASDAQ,SONS
123,AMEX,SOQ
426,NYSE,SOR
330,NASDAQ,SORL
836,NYSE,SPA
521,NASDAQ,SPAN
331,NASDAQ,SPAR
525,NASDAQ,SPEX
630,NYSE,SPF
446,NYSE,SPG
912,NYSE,SPH
821,NASDAQ,SPLK
745,NASDAQ,SPLS
124,NYSE,SPN
521,NASDAQ,SPNC
826,NASDAQ,SPNS
324,NYSE,SPP
515,NASDAQ,SPPI
443,NASDAQ,SPPR
830,NASDAQ,SPRD
852,NASDAQ,SPRT
757,NASDAQ,SPTN
348,NASDAQ,SPU
622,NYSE,SPW
832,NASDAQ,SPWR
110,NYSE,SQM
515,NASDAQ,SQNM
833,NYSE,SQNS
327,NYSE,SR
440,NYSE,SRC
414,NASDAQ,SRCE
637,NASDAQ,SRCL
516,NASDAQ,SRDX
912,NYSE,SRE
333,NYSE,SRI
515,NASDAQ,SRPT
760,NYSE,SRT
625,NYSE,SSD
730,NYSE,SSI
120,NYSE,SSL
123,AMEX,SSN
826,NASDAQ,SSNC
727,NYSE,SSP
135,NASDAQ,SSRI
444,NYSE,SSS
775,NYSE,SSW
524,AMEX,SSY
815,NASDAQ,SSYS
837,NYSE,ST
520,NASDAQ,STAA
763,NASDAQ,STB
411,NASDAQ,STBA
432,NYSE,STC
521,NYSE,STE
813,NASDAQ,STEC
762,NASDAQ,STEI
412,NASDAQ,STEL
515,NASDAQ,STEM
432,NASDAQ,STFC
410,NYSE,STI
521,NYSE,STJ
411,NYSE,STL
130,NASDAQ,STLD
311,NASDAQ,STLY
830,NYSE,STM
739,NASDAQ,STMP
767,NYSE,STN
762,NASDAQ,STNR
120,NYSE,STO
762,NYSE,STON
836,NYSE,STP
912,NYSE,STR
766,NASDAQ,STRA
825,NASDAQ,STRM
449,NASDAQ,STRS
333,NASDAQ,STRT
331,AMEX,STS
419,NASDAQ,STSA
510,NASDAQ,STSI
422,NYSE,STT
821,NYSE,STV
813,NASDAQ,STX
521,NASDAQ,STXS
347,NYSE,STZ
121,NYSE,SU
411,NASDAQ,SUBK
445,NYSE,SUI
333,NYSE,SUP
833,NASDAQ,SUPX
521,NASDAQ,SURG
411,NASDAQ,SUSQ
130,NASDAQ,SUTR
515,NASDAQ,SVA
412,NASDAQ,SVBI
133,AMEX,SVBL
134,AMEX,SVLC
135,NYSE,SVM
515,NASDAQ,SVNT
734,NYSE,SVU
133,NYSE,SWC
611,NASDAQ,SWHC
821,NYSE,SWI
624,NYSE,SWK
833,NASDAQ,SWKS
324,NYSE,SWM
121,NYSE,SWN
421,NYSE,SWS
326,NASDAQ,SWSH
912,NYSE,SWX
734,NYSE,SWY
130,NYSE,SXC
912,NYSE,SXE
621,NYSE,SXI
125,NYSE,SXL
113,NYSE,SXT
521,NYSE,SYK
824,NASDAQ,SYKE
823,NASDAQ,SYMC
841,NASDAQ,SYMM
113,NASDAQ,SYMX
515,AMEX,SYN
815,NASDAQ,SYNA
851,NASDAQ,SYNC
130,NASDAQ,SYNL
122,NASDAQ,SYNM
824,NASDAQ,SYNT
837,NASDAQ,SYPR
112,NYSE,SYT
822,NYSE,SYX
757,NYSE,SYY
844,NYSE,T
745,NYSE,TA
913,NYSE,TAC
815,NASDAQ,TACT
425,NYSE,TAI
753,NASDAQ,TAIT
113,NYSE,TAM
346,NYSE,TAP
133,AMEX,TAS
611,NASDAQ,TASR
712,NASDAQ,TAST
123,AMEX,TAT
611,NASDAQ,TATT
424,NASDAQ,TAXI
414,NASDAQ,TAYC
622,NASDAQ,TAYD
321,NASDAQ,TBAC
412,NASDAQ,TBBK
764,NYSE,TBI
133,NYSE,TC
424,NYSE,TCAP
410,NYSE,TCB
415,NASDAQ,TCBI
416,NASDAQ,TCBK
841,NASDAQ,TCCO
133,NYSE,TCK
446,NYSE,TCO
125,NYSE,TCP
851,AMEX,TCX
410,NYSE,TD
611,NYSE,TDG
124,NYSE,TDW
611,NYSE,TDY
911,NYSE,TE
755,NASDAQ,TECD
521,NASDAQ,TECH
622,NASDAQ,TECUA
912,NYSE,TEG
836,NYSE,TEL
511,NASDAQ,TELK
333,NYSE,TEN
846,NYSE,TEO
834,NYSE,TER
753,NASDAQ,TESS
775,NYSE,TEU
511,NYSE,TEVA
620,NYSE,TEX
324,NASDAQ,TFCO
520,NYSE,TFX
322,NYSE,TG
133,AMEX,TGB
121,AMEX,TGC
761,NYSE,TGH
611,NYSE,TGI
775,NYSE,TGP
912,NYSE,TGS
732,NYSE,TGT
521,NYSE,TGX
524,NYSE,THC
414,NASDAQ,THFF
515,NASDAQ,THLD
134,AMEX,THM
332,NYSE,THO
520,NASDAQ,THOR
419,NASDAQ,THRD
846,NYSE,TI
826,NASDAQ,TIBX
425,NASDAQ,TICC
742,NYSE,TIF
628,NASDAQ,TILE
423,NASDAQ,TINY
324,AMEX,TIS
821,NASDAQ,TISA
745,NASDAQ,TITN
725,NASDAQ,TIVO
731,NYSE,TJX
775,NYSE,TK
840,NYSE,TKC
624,NYSE,TKR
841,NASDAQ,TLAB
846,NYSE,TLK
121,NYSE,TLM
134,AMEX,TLR
330,NYSE,TM
430,NYSE,TMK
769,NASDAQ,TMNG
525,NYSE,TMO
411,AMEX,TMP
622,NYSE,TMS
623,NYSE,TNC
112,NYSE,TNH
775,NYSE,TNK
775,NYSE,TNP
340,AMEX,TOF
630,NYSE,TOL
775,NYSE,TOO
113,NASDAQ,TORM
120,NYSE,TOT
635,NYSE,TPC
511,AMEX,TPI
449,NYSE,TPL
121,AMEX,TPLM
311,NYSE,TPX
833,NASDAQ,TQNT
345,NYSE,TR
852,NASDAQ,TRAK
448,NYSE,TRC
447,NASDAQ,TREE
427,NYSE,TRF
515,NASDAQ,TRGT
728,NYSE,TRI
516,NASDAQ,TRIB
851,NASDAQ,TRIP
637,NASDAQ,TRIT
715,NYSE,TRK
837,NASDAQ,TRMB
413,NASDAQ,TRMK
776,NYSE,TRN
837,NASDAQ,TRNS
515,NASDAQ,TROV
422,NASDAQ,TROW
912,NYSE,TRP
133,NYSE,TRQ
637,NYSE,TRR
411,NASDAQ,TRST
834,AMEX,TRT
432,NYSE,TRV
333,NYSE,TRW
134,AMEX,TRX
626,NYSE,TS
419,NASDAQ,TSBK
745,NASDAQ,TSCO
833,NASDAQ,TSEM
419,AMEX,TSH
832,NYSE,TSL
330,NASDAQ,TSLA
833,NYSE,TSM
343,NYSE,TSN
122,NYSE,TSO
834,NASDAQ,TSRA
826,NYSE,TSS
840,NYSE,TSU
841,NASDAQ,TSYS
625,NYSE,TTC
760,NASDAQ,TTEC
767,NASDAQ,TTEK
124,NYSE,TTI
330,NYSE,TTM
835,NASDAQ,TTMI
820,NASDAQ,TTWO
840,NYSE,TU
763,NYSE,TUC
732,NASDAQ,TUES
325,NYSE,TUP
723,NYSE,TV
769,NYSE,TW
725,NYSE,TWC
432,NASDAQ,TWGP
322,NYSE,TWI
622,NASDAQ,TWIN
743,NASDAQ,TWMC
445,NYSE,TWO
844,NASDAQ,TWTC
722,NYSE,TWX
130,NYSE,TX
833,NASDAQ,TXCC
633,NYSE,TXI
830,NASDAQ,TXN
610,NYSE,TXT
765,NYSE,TYC
822,NYSE,TYL
851,NASDAQ,TZOO
320,NYSE,UA
770,NYSE,UAL
522,NYSE,UAM
133,AMEX,UAMY
446,NYSE,UBA
416,NASDAQ,UBFO
840,NASDAQ,UBNT
410,NASDAQ,UBOH
417,NYSE,UBS
412,NASDAQ,UBSH
412,NASDAQ,UBSI
412,NASDAQ,UCBI
419,NASDAQ,UCFC
445,NYSE,UDR
133,AMEX,UEC
314,NASDAQ,UEIC
760,NASDAQ,UEPS
432,NASDAQ,UFCS
628,NYSE,UFI
634,NASDAQ,UFPI
325,NASDAQ,UFPT
913,NYSE,UGI
122,NYSE,UGP
524,NYSE,UHS
442,NYSE,UHT
911,NYSE,UIL
824,NYSE,UIS
323,NYSE,UL
627,NASDAQ,ULBI
852,NASDAQ,ULTI
775,NASDAQ,ULTR
415,NASDAQ,UMBF
834,NYSE,UMC
416,NASDAQ,UMPQ
432,NASDAQ,UNAM
320,NYSE,UNF
757,NASDAQ,UNFI
522,NYSE,UNH
431,NYSE,UNM
776,NYSE,UNP
911,NYSE,UNS
123,NYSE,UNT
745,NASDAQ,UNTD
844,NASDAQ,UNTK
411,NASDAQ,UNTY
836,NASDAQ,UNXL
753,AMEX,UPG
821,NASDAQ,UPIP
121,NYSE,UPL
773,NYSE,UPS
627,AMEX,UQM
730,NASDAQ,URBN
133,AMEX,URG
761,NYSE,URI
133,NASDAQ,URRE
767,NYSE,URS
133,AMEX,URZ
426,NYSE,USA
774,NASDAQ,USAK
130,NASDAQ,USAP
760,NASDAQ,USAT
414,NYSE,USB
413,NASDAQ,USBI
121,NASDAQ,USEG
634,NYSE,USG
634,NASDAQ,USLM
840,NASDAQ,USMO
759,NASDAQ,USTR
133,NYSE,USU
834,NASDAQ,UTEK
511,NASDAQ,UTHR
773,NASDAQ,UTIW
520,NASDAQ,UTMD
840,NASDAQ,UTSI
622,NYSE,UTX
765,AMEX,UUU
432,AMEX,UVE
411,NASDAQ,UVSP
351,NYSE,UVV
711,AMEX,UWN
424,NYSE,V
716,NYSE,VAC
113,NYSE,VAL
133,NYSE,VALE
728,NASDAQ,VALU
521,NYSE,VAR
520,NASDAQ,VASC
333,NYSE,VC
412,NASDAQ,VCBI
721,NYSE,VCI
851,NASDAQ,VCLK
346,NYSE,VCO
823,NASDAQ,VDSI
637,NYSE,VE
834,NASDAQ,VECO
826,NASDAQ,VELT
320,NYSE,VFC
846,NYSE,VG
350,NYSE,VGR
134,AMEX,VGZ
110,NYSE,VHI
835,NASDAQ,VIAS
515,NASDAQ,VICL
836,NASDAQ,VICR
815,NASDAQ,VIDE
760,NASDAQ,VIFL
836,AMEX,VII
832,NASDAQ,VIMC
840,NYSE,VIP
720,NASDAQ,VISN
840,NYSE,VIV
516,NASDAQ,VIVO
775,NASDAQ,VLCCF
734,NASDAQ,VLGEA
122,NYSE,VLO
833,NASDAQ,VLTR
411,NYSE,VLY
634,NYSE,VMC
626,NYSE,VMI
822,NYSE,VMW
515,NASDAQ,VNDA
824,NASDAQ,VNET
440,NYSE,VNO
852,NASDAQ,VOCS
753,NASDAQ,VOXX
515,NASDAQ,VPHM
432,NYSE,VR
516,NASDAQ,VRML
515,NASDAQ,VRNM
826,NASDAQ,VRNT
821,NASDAQ,VRSN
422,NASDAQ,VRTS
515,NASDAQ,VRTX
513,NYSE,VRX
841,NASDAQ,VSAT
521,NASDAQ,VSCI
767,NASDAQ,VSEC
830,NYSE,VSH
767,AMEX,VSR
123,AMEX,VTG
442,NYSE,VTR
833,NASDAQ,VTSS
510,NASDAQ,VTUS
913,NYSE,VVC
760,NYSE,VVI
739,NASDAQ,VVTV
515,NASDAQ,VVUS
844,NYSE,VZ
776,NYSE,WAB
416,NASDAQ,WABC
447,NYSE,WAC
733,NYSE,WAG
411,NASDAQ,WASH
525,NYSE,WAT
823,NASDAQ,WAVX
419,NASDAQ,WAYN
333,NYSE,WBC
416,NASDAQ,WBCO
417,NYSE,WBK
410,NASDAQ,WBKC
825,NASDAQ,WBMD
411,NYSE,WBS
752,NYSE,WCC
522,NYSE,WCG
637,NYSE,WCN
512,NASDAQ,WCRX
813,NASDAQ,WDC
113,NASDAQ,WDFC
422,NYSE,WDR
911,NYSE,WEC
774,NASDAQ,WERN
125,NYSE,WES
422,NASDAQ,WETF
321,NASDAQ,WEYS
418,NYSE,WF
410,NYSE,WFC
734,NASDAQ,WFM
124,NYSE,WFT
124,NYSE,WG
836,AMEX,WGA
912,NYSE,WGL
332,NYSE,WGO
124,NYSE,WH
422,NYSE,WHG
310,NYSE,WHR
123,NYSE,WHX
425,NYSE,WIA
414,NASDAQ,WIBC
844,NASDAQ,WIN
745,NASDAQ,WINA
836,NASDAQ,WIRE
824,NYSE,WIT
761,NASDAQ,WLFC
113,NYSE,WLK
123,NYSE,WLL
522,NYSE,WLP
133,NYSE,WLT
637,NYSE,WM
745,NASDAQ,WMAR
125,NYSE,WMB
447,NYSE,WMC
521,NASDAQ,WMGI
734,NYSE,WMK
714,NYSE,WMS
731,NYSE,WMT
331,NYSE,WNC
122,NYSE,WNR
760,NYSE,WNS
762,NASDAQ,WOOF
626,NYSE,WOR
440,NYSE,WPC
846,NASDAQ,WPCS
766,NYSE,WPO
333,NASDAQ,WPRT
113,NYSE,WPZ
913,NYSE,WR
446,NYSE,WRE
446,NYSE,WRI
424,NASDAQ,WRLD
412,NASDAQ,WSBC
622,NASDAQ,WSCI
412,NASDAQ,WSFS
434,NYSE,WSH
737,NYSE,WSM
753,NYSE,WSO
440,NYSE,WSR
520,NYSE,WST
841,NASDAQ,WSTL
415,NASDAQ,WTBA
414,NASDAQ,WTFC
123,NYSE,WTI
432,NYSE,WTM
914,NYSE,WTR
621,NYSE,WTS
841,AMEX,WTT
762,NYSE,WTW
424,NYSE,WU
419,NASDAQ,WVFC
347,NASDAQ,WVVI
722,NYSE,WWE
321,NYSE,WWW
525,NYSE,WX
632,NYSE,WY
710,NYSE,WYN
711,NASDAQ,WYNN
130,NYSE,X
121,NYSE,XCO
121,NYSE,XEC
911,NYSE,XEL
630,NYSE,XIN
432,NYSE,XL
833,NASDAQ,XLNX
515,NASDAQ,XNPT
320,NYSE,XNY
120,NYSE,XOM
515,NASDAQ,XOMA
622,NASDAQ,XONE
745,NYSE,XOXO
134,AMEX,XPL
134,AMEX,XRA
520,NASDAQ,XRAY
824,NYSE,XRX
121,NASDAQ,XTEX
122,NASDAQ,XTXI
622,NYSE,XYL
432,NYSE,Y
832,NYSE,YGE
851,NASDAQ,YHOO
851,NYSE,YOKU
914,NASDAQ,YORW
120,NYSE,YPF
774,NASDAQ,YRCW
712,NYSE,YUM
136,NYSE,YZC
627,AMEX,ZBB
622,NASDAQ,ZBRA
626,NASDAQ,ZEUS
841,NASDAQ,ZHNE
837,NASDAQ,ZIGO
416,NASDAQ,ZION
821,NASDAQ,ZIXI
742,NYSE,ZLC
515,NASDAQ,ZLCS
521,NYSE,ZMH
124,NASDAQ,ZN
820,NASDAQ,ZNGA
770,NYSE,ZNH
627,NASDAQ,ZOLT
841,NASDAQ,ZOOM
320,NYSE,ZQK
745,NASDAQ,ZUMZ
